Model_Year,Make,Model_Name,Vehicle Class,Engine Size,Cylinders,Transmission,Fuel,Fuel_Consumption_City,Fuel_Consumption_Hwy,Fuel_Consumption_Comb,CO2 Emissions,CO2_Rating,Smog_Rating
2020,Acura,ILX,Compact,2.4,4.0,AM8,Z,9.9,7.0,8.6,199.0,6,3
2020,Acura,MDX SH-AWD,SUV: Small,3.5,6.0,AS9,Z,12.3,9.2,10.9,254.0,4,3
2020,Acura,MDX SH-AWD A-SPEC,SUV: Small,3.5,6.0,AS9,Z,12.2,9.5,11.0,258.0,4,3
2020,Acura,MDX Hybrid AWD,SUV: Small,3.0,6.0,AM7,Z,9.1,9.0,9.0,210.0,5,3
2020,Acura,RDX AWD,SUV: Small,2.0,4.0,AS10,Z,11.0,8.6,9.9,232.0,5,6
2020,Acura,RDX AWD A-SPEC,SUV: Small,2.0,4.0,AS10,Z,11.3,9.1,10.3,241.0,5,6
2020,Acura,RLX Hybrid,Mid-size,3.5,6.0,AM7,Z,8.4,8.2,8.4,196.0,6,7
2020,Acura,TLX A-SPEC,Compact,2.4,4.0,AM8,Z,10.2,7.4,8.9,209.0,5,3
2020,Acura,TLX SH-AWD,Compact,3.5,6.0,AS9,Z,11.4,7.7,9.8,228.0,5,3
2020,Acura,TLX SH-AWD A-SPEC/Limited Edition,Compact,3.5,6.0,AS9,Z,12.0,8.2,10.3,240.0,5,3
2020,Alfa Romeo,4C Spider,Two-seater,1.8,4.0,AM6,Z,9.7,6.9,8.4,197.0,6,1
2020,Alfa Romeo,Giulia,Mid-size,2.0,4.0,A8,Z,10.0,7.2,8.7,205.0,6,3
2020,Alfa Romeo,Giulia AWD,Mid-size,2.0,4.0,A8,Z,10.5,7.7,9.2,217.0,5,3
2020,Alfa Romeo,Giulia Quadrifoglio,Mid-size,2.9,6.0,A8,Z,13.5,9.3,11.6,271.0,4,3
2020,Alfa Romeo,Stelvio,SUV: Small,2.0,4.0,A8,Z,10.3,8.1,9.3,218.0,5,3
2020,Alfa Romeo,Stelvio AWD,SUV: Small,2.0,4.0,A8,Z,10.8,8.3,9.6,226.0,5,3
2020,Alfa Romeo,Stelvio AWD Quadrifoglio,SUV: Small,2.9,6.0,A8,Z,13.9,10.3,12.3,288.0,3,3
2020,Aston Martin,DB11 V8,Minicompact,4.0,8.0,A8,Z,13.0,9.8,11.5,271.0,4,3
2020,Aston Martin,DB11 AMR,Minicompact,5.2,12.0,A8,Z,15.5,10.6,13.3,312.0,3,3
2020,Aston Martin,DBS Superleggera,Minicompact,5.2,12.0,A8,Z,16.4,10.7,13.8,324.0,3,3
2020,Aston Martin,Vantage V8,Two-seater,4.0,8.0,A8,Z,13.1,9.6,11.5,270.0,4,3
2020,Aston Martin,Vantage V8,Two-seater,4.0,8.0,M7,Z,16.7,11.2,14.2,333.0,3,3
2020,Audi,A3,Subcompact,2.0,4.0,AM7,X,8.8,6.5,7.8,182.0,7,7
2020,Audi,A3 quattro,Subcompact,2.0,4.0,AM7,X,10.8,8.0,9.5,224.0,5,7
2020,Audi,A3 Cabriolet quattro,Subcompact,2.0,4.0,AM7,X,10.8,8.0,9.5,224.0,5,7
2020,Audi,A4 quattro,Compact,2.0,4.0,AM7,Z,10.0,7.3,8.8,205.0,6,3
2020,Audi,A4 allroad quattro,Station wagon: Small,2.0,4.0,AM7,Z,10.0,7.4,8.8,206.0,6,3
2020,Audi,A5 quattro,Subcompact,2.0,4.0,AM7,Z,10.0,7.3,8.8,205.0,6,3
2020,Audi,A5 Cabriolet quattro,Subcompact,2.0,4.0,AM7,Z,10.0,7.4,8.8,206.0,6,3
2020,Audi,A5 Sportback quattro,Mid-size,2.0,4.0,AM7,Z,10.0,7.3,8.8,205.0,6,3
2020,Audi,A6 quattro ,Mid-size,2.0,4.0,AM7,Z,9.8,7.4,8.7,205.0,6,5
2020,Audi,A6 quattro ,Mid-size,3.0,6.0,AM7,Z,10.9,8.2,9.7,227.0,5,5
2020,Audi,A6 allroad ,Station wagon: Mid-size,3.0,6.0,AM7,Z,11.8,9.1,10.6,247.0,4,5
2020,Audi,A7 quattro,Mid-size,3.0,6.0,AM7,Z,10.9,8.2,9.7,227.0,5,5
2020,Audi,A8L ,Full-size,3.0,6.0,AS8,Z,13.5,8.9,11.5,267.0,4,5
2020,Audi,A8L ,Full-size,4.0,8.0,AS8,Z,15.4,10.4,13.2,308.0,3,3
2020,Audi,Q3 quattro,SUV: Small,2.0,4.0,AS8,X,12.3,8.6,10.6,248.0,4,7
2020,Audi,Q5,SUV: Small,2.0,4.0,AM7,Z,10.7,8.4,9.7,226.0,5,5
2020,Audi,Q7,SUV: Standard,2.0,4.0,AS8,Z,12.4,10.1,11.3,264.0,4,3
2020,Audi,Q7,SUV: Standard,3.0,6.0,AS8,Z,13.8,11.4,12.7,296.0,3,5
2020,Audi,Q8,SUV: Standard,3.0,6.0,AS8,Z,13.8,11.4,12.7,296.0,3,5
2020,Audi,R8 Coupe,Two-seater,5.2,10.0,AM7,Z,17.5,11.7,14.9,347.0,2,1
2020,Audi,R8 Spyder,Two-seater,5.2,10.0,AM7,Z,17.5,11.7,14.9,347.0,2,1
2020,Audi,RS 3,Subcompact,2.5,5.0,AM7,Z,12.1,8.4,10.4,243.0,5,3
2020,Audi,RS Q8,SUV: Standard,4.0,8.0,AS8,Z,18.0,12.3,15.4,360.0,2,3
2020,Audi,S3,Subcompact,2.0,4.0,AM7,Z,10.7,8.0,9.5,222.0,5,3
2020,Audi,S4,Compact,3.0,6.0,AS8,Z,11.8,8.9,10.5,245.0,5,5
2020,Audi,S5,Subcompact,3.0,6.0,AS8,Z,11.8,8.9,10.5,245.0,5,5
2020,Audi,S5 Cabriolet,Subcompact,3.0,6.0,AS8,Z,12.1,9.1,10.8,252.0,4,5
2020,Audi,S5 Sportback,Mid-size,3.0,6.0,AS8,Z,11.8,8.9,10.5,245.0,5,5
2020,Audi,S6,Mid-size,2.9,6.0,AS8,Z,12.9,8.5,10.9,255.0,4,5
2020,Audi,S7,Mid-size,2.9,6.0,AS8,Z,12.9,8.5,10.9,255.0,4,5
2020,Audi,S8,Full-size,4.0,8.0,AS8,Z,17.6,10.7,14.5,339.0,2,3
2020,Audi,SQ5,SUV: Small,3.0,6.0,AS8,Z,13.1,10.3,11.8,276.0,4,5
2020,Audi,SQ7,SUV: Standard,4.0,8.0,AS8,Z,16.0,11.0,13.7,321.0,3,3
2020,Audi,SQ8,SUV: Standard,4.0,8.0,AS8,Z,15.8,11.4,13.8,322.0,3,3
2020,Audi,TT Coupe quattro,Subcompact,2.0,4.0,AM7,X,10.3,7.7,9.1,213.0,5,7
2020,Audi,TT Roadster quattro,Two-seater,2.0,4.0,AM7,X,10.3,7.7,9.1,213.0,5,7
2020,Audi,TT RS,Subcompact,2.5,5.0,AM7,Z,12.1,8.2,10.3,241.0,5,3
2020,Audi,TTS Coupe,Subcompact,2.0,4.0,AM7,Z,10.4,8.2,9.4,220.0,5,3
2020,Bentley,Bentayga,SUV: Standard,4.0,8.0,AS8,Z,16.4,10.1,13.6,315.0,3,3
2020,Bentley,Bentayga,SUV: Standard,6.0,12.0,AS8,Z,20.0,13.8,17.2,401.0,1,3
2020,Bentley,Continental GT,Compact,4.0,8.0,AM8,Z,15.1,9.1,12.4,291.0,3,3
2020,Bentley,Continental GT,Compact,6.0,12.0,AM8,Z,19.0,11.6,15.7,364.0,2,3
2020,Bentley,Continental GT Convertible,Subcompact,4.0,8.0,AM8,Z,15.1,9.1,12.4,291.0,3,3
2020,Bentley,Continental GT Convertible,Subcompact,6.0,12.0,AM8,Z,19.2,12.2,16.0,373.0,2,3
2020,Bentley,Flying Spur,Mid-size,6.0,12.0,AM8,Z,19.2,12.2,16.0,373.0,2,3
2020,Bentley,Mulsanne,Mid-size,6.8,8.0,AS8,Z,24.5,14.4,20.0,465.0,1,1
2020,BMW,228i xDrive Gran Coupe,Compact,2.0,4.0,AS8,Z,10.2,7.2,8.8,205.0,6,7
2020,BMW,230i Cabriolet,Subcompact,2.0,4.0,AS8,Z,10.1,7.0,8.7,204.0,6,7
2020,BMW,230i xDrive Cabriolet,Subcompact,2.0,4.0,AS8,Z,10.9,7.5,9.4,219.0,5,7
2020,BMW,230i Coupe,Subcompact,2.0,4.0,AS8,Z,9.5,7.4,8.5,200.0,6,7
2020,BMW,230i xDrive Coupe,Subcompact,2.0,4.0,AS8,Z,10.9,7.5,9.4,219.0,5,7
2020,BMW,330i xDrive Sedan,Compact,2.0,4.0,AS8,Z,9.5,6.9,8.3,195.0,6,7
2020,BMW,430i xDrive Cabriolet,Subcompact,2.0,4.0,AS8,Z,10.6,7.3,9.1,213.0,5,7
2020,BMW,430i Coupe,Compact,2.0,4.0,AS8,Z,10.1,7.0,8.7,204.0,6,7
2020,BMW,430i xDrive Coupe,Compact,2.0,4.0,AS8,Z,10.9,7.5,9.4,219.0,5,7
2020,BMW,430i xDrive Gran Coupe,Compact,2.0,4.0,AS8,Z,10.9,7.5,9.4,219.0,5,7
2020,BMW,440i xDrive Cabriolet,Subcompact,3.0,6.0,AS8,Z,12.4,8.5,10.7,249.0,4,3
2020,BMW,440i Coupe,Compact,3.0,6.0,AS8,Z,11.4,8.1,9.9,231.0,5,3
2020,BMW,440i xDrive Coupe,Compact,3.0,6.0,AS8,Z,11.4,8.3,10.0,233.0,5,3
2020,BMW,440i xDrive Coupe,Compact,3.0,6.0,M6,Z,13.0,8.5,11.0,257.0,4,3
2020,BMW,440i xDrive Gran Coupe,Compact,3.0,6.0,AS8,Z,11.4,8.3,10.0,233.0,5,3
2020,BMW,530i xDrive Sedan,Mid-size,2.0,4.0,AS8,Z,9.9,7.5,8.8,206.0,6,7
2020,BMW,540i xDrive Sedan,Mid-size,3.0,6.0,AS8,Z,10.7,8.1,9.5,222.0,5,5
2020,BMW,750i xDrive Sedan,Full-size,4.4,8.0,AS8,Z,14.5,9.9,12.4,290.0,3,3
2020,BMW,750Li xDrive Sedan,Full-size,4.4,8.0,AS8,Z,14.5,9.9,12.4,290.0,3,3
2020,BMW,Alpina B7 xDrive,Full-size,4.4,8.0,AS8,Z,14.5,9.9,12.4,290.0,3,3
2020,BMW,M2 Competition,Subcompact,3.0,6.0,AM7,Z,14.1,10.3,12.4,290.0,3,3
2020,BMW,M2 Competition,Subcompact,3.0,6.0,M6,Z,13.4,9.6,11.7,273.0,4,3
2020,BMW,M235i xDrive Gran Coupe,Compact,2.0,4.0,AS8,Z,10.3,7.3,9.0,208.0,6,3
2020,BMW,M240i Cabriolet,Subcompact,3.0,6.0,AS8,Z,11.4,8.1,9.9,231.0,5,3
2020,BMW,M240i Cabriolet,Subcompact,3.0,6.0,M6,Z,12.7,8.8,10.9,255.0,4,3
2020,BMW,M240i xDrive Cabriolet,Subcompact,3.0,6.0,AS8,Z,11.4,8.3,10.0,233.0,5,3
2020,BMW,M240i Coupe,Subcompact,3.0,6.0,AS8,Z,11.4,8.1,9.9,231.0,5,3
2020,BMW,M240i Coupe M Performance,Subcompact,3.0,6.0,AS8,Z,11.4,8.1,9.9,231.0,5,3
2020,BMW,M240i Coupe,Subcompact,3.0,6.0,M6,Z,12.7,8.8,10.9,255.0,4,3
2020,BMW,M240i Coupe M Performance,Subcompact,3.0,6.0,M6,Z,12.7,8.8,10.9,255.0,4,3
2020,BMW,M240i xDrive Coupe,Subcompact,3.0,6.0,AS8,Z,11.4,8.3,10.0,233.0,5,3
2020,BMW,M240i xDrive Coupe M Performance,Subcompact,3.0,6.0,AS8,Z,11.4,8.3,10.0,233.0,5,3
2020,BMW,M340i xDrive Sedan,Compact,3.0,6.0,AS8,Z,11.4,8.3,10.0,233.0,5,5
2020,BMW,M4 Cabriolet,Subcompact,3.0,6.0,AM7,Z,14.5,10.5,12.7,299.0,3,3
2020,BMW,M4 Cabriolet Competition,Subcompact,3.0,6.0,AM7,Z,14.5,10.5,12.7,299.0,3,3
2020,BMW,M4 Cabriolet,Subcompact,3.0,6.0,M6,Z,13.8,9.4,11.9,280.0,4,3
2020,BMW,M4 Cabriolet Competition,Subcompact,3.0,6.0,M6,Z,13.8,9.4,11.9,280.0,4,3
2020,BMW,M4 Coupe,Compact,3.0,6.0,AM7,Z,14.1,10.3,12.4,290.0,3,3
2020,BMW,M4 Coupe Competition,Compact,3.0,6.0,AM7,Z,14.1,10.3,12.4,290.0,3,3
2020,BMW,M4 Coupe,Compact,3.0,6.0,M6,Z,13.4,9.6,11.7,273.0,4,3
2020,BMW,M4 Coupe Competition,Compact,3.0,6.0,M6,Z,13.4,9.6,11.7,273.0,4,3
2020,BMW,M4 CS,Compact,3.0,6.0,AM7,Z,14.1,10.3,12.4,290.0,3,3
2020,BMW,M5 Sedan,Mid-size,4.4,8.0,AS8,Z,16.0,11.0,13.8,322.0,3,3
2020,BMW,M5 Competition,Mid-size,4.4,8.0,AS8,Z,16.0,11.0,13.8,322.0,3,3
2020,BMW,M550i xDrive Sedan,Mid-size,4.4,8.0,AS8,Z,13.6,9.3,11.7,273.0,4,3
2020,BMW,M760i xDrive Sedan,Full-size,6.6,12.0,AS8,Z,17.8,11.9,15.1,354.0,2,3
2020,BMW,M8 Cabriolet,Subcompact,4.4,8.0,AS8,Z,16.0,11.0,13.8,322.0,3,3
2020,BMW,M8 Cabriolet Competition,Subcompact,4.4,8.0,AS8,Z,16.0,11.0,13.8,322.0,3,3
2020,BMW,M8 Coupe,Subcompact,4.4,8.0,AS8,Z,16.0,11.0,13.8,322.0,3,3
2020,BMW,M8 Coupe Competition,Subcompact,4.4,8.0,AS8,Z,16.0,11.0,13.8,322.0,3,3
2020,BMW,M8 Gran Coupe,Mid-size,4.4,8.0,AS8,Z,16.0,11.0,13.8,322.0,3,3
2020,BMW,M8 Gran Coupe Competition,Mid-size,4.4,8.0,AS8,Z,16.0,11.0,13.8,322.0,3,3
2020,BMW,M850i xDrive Cabriolet,Subcompact,4.4,8.0,AS8,Z,14.5,9.9,12.4,290.0,3,3
2020,BMW,M850i xDrive Coupe,Subcompact,4.4,8.0,AS8,Z,13.6,9.3,11.7,273.0,4,3
2020,BMW,M850i xDrive Gran Coupe,Mid-size,4.4,8.0,AS8,Z,14.5,9.9,12.4,290.0,3,3
2020,BMW,X1 xDrive28i,SUV: Small,2.0,4.0,AS8,Z,10.3,7.7,9.1,213.0,5,7
2020,BMW,X2 xDrive28i,SUV: Small,2.0,4.0,AS8,Z,9.9,7.6,8.8,207.0,6,7
2020,BMW,X2 M35i,SUV: Small,2.0,4.0,AS8,Z,10.0,7.8,9.0,210.0,5,3
2020,BMW,X3 xDrive30i,SUV: Small,2.0,4.0,AS8,Z,10.0,8.2,9.2,215.0,5,7
2020,BMW,X3 M,SUV: Small,3.0,6.0,AS8,Z,16.6,12.1,14.6,339.0,2,3
2020,BMW,X3 M Competition,SUV: Small,3.0,6.0,AS8,Z,16.6,12.1,14.6,339.0,2,3
2020,BMW,X3 M40i,SUV: Small,3.0,6.0,AS8,Z,11.3,8.7,10.1,235.0,5,5
2020,BMW,X4 xDrive30i,SUV: Small,2.0,4.0,AS8,Z,10.0,8.2,9.2,215.0,5,7
2020,BMW,X4 M,SUV: Small,3.0,6.0,AS8,Z,16.6,12.1,14.6,339.0,2,3
2020,BMW,X4 M Competition,SUV: Small,3.0,6.0,AS8,Z,16.6,12.1,14.6,339.0,2,3
2020,BMW,X4 M40i,SUV: Small,3.0,6.0,AS8,Z,11.3,8.7,10.1,235.0,5,5
2020,BMW,X5 xDrive40i,SUV: Standard,3.0,6.0,AS8,Z,11.7,9.1,10.5,245.0,5,3
2020,BMW,X5 xDrive50i,SUV: Standard,4.4,8.0,AS8,Z,14.5,10.7,12.8,302.0,3,3
2020,BMW,X5 M50i,SUV: Standard,4.4,8.0,AS8,Z,14.5,10.7,12.8,302.0,3,3
2020,BMW,X6 xDrive40i,SUV: Standard,3.0,6.0,AS8,Z,11.7,9.1,10.5,245.0,5,3
2020,BMW,X6 M50i,SUV: Standard,4.4,8.0,AS8,Z,14.5,10.7,12.8,302.0,3,3
2020,BMW,X7 xDrive40i,SUV: Standard,3.0,6.0,AS8,Z,12.0,9.4,10.8,254.0,4,3
2020,BMW,X7 xDrive50i,SUV: Standard,4.4,8.0,AS8,Z,15.5,11.4,13.6,318.0,3,3
2020,BMW,X7 M50i,SUV: Standard,4.4,8.0,AS8,Z,15.5,11.4,13.6,318.0,3,3
2020,BMW,Z4 sDrive30i,Two-seater,2.0,4.0,AS8,Z,9.5,7.4,8.5,200.0,6,7
2020,BMW,Z4 M40i,Two-seater,3.0,6.0,AS8,Z,10.3,8.0,9.3,216.0,5,5
2020,Bugatti,Chiron,Two-seater,8.0,16.0,AM7,Z,26.8,16.6,22.2,522.0,1,1
2020,Bugatti,Divo,Two-seater,8.0,16.0,AM7,Z,27.2,18.0,23.0,537.0,1,1
2020,Buick,Enclave,SUV: Standard,3.6,6.0,A9,X,13.0,9.1,11.2,263.0,4,6
2020,Buick,Enclave AWD,SUV: Standard,3.6,6.0,A9,X,13.6,9.6,11.8,277.0,4,6
2020,Buick,Encore,SUV: Small,1.4,4.0,AS6,X,9.4,7.8,8.7,204.0,6,5
2020,Buick,Encore AWD,SUV: Small,1.4,4.0,AS6,X,10.0,8.0,9.1,214.0,5,5
2020,Buick,Encore GX,SUV: Small,1.2,3.0,AV,X,9.0,7.7,8.4,198.0,6,7
2020,Buick,Encore GX AWD,SUV: Small,1.3,3.0,A9,X,9.0,8.0,8.5,199.0,6,7
2020,Buick,Envision AWD,SUV: Small,2.0,4.0,A9,Z,11.7,9.4,10.7,250.0,4,5
2020,Buick,Envision AWD,SUV: Small,2.5,4.0,A6,X,11.1,8.6,10.0,234.0,5,5
2020,Buick,Regal,Mid-size,2.0,4.0,AS9,Z,10.3,7.4,9.0,211.0,5,5
2020,Buick,Regal AWD,Mid-size,2.0,4.0,AS8,Z,11.0,8.0,9.6,227.0,5,5
2020,Buick,Regal AWD,Mid-size,3.6,6.0,AS9,X,12.5,8.8,10.9,255.0,4,6
2020,Cadillac,CT4,Compact,2.0,4.0,AS8,Z,10.1,6.8,8.7,203.0,6,6
2020,Cadillac,CT4,Compact,2.7,4.0,AS10,Z,11.5,8.0,9.9,232.0,5,6
2020,Cadillac,CT4 AWD,Compact,2.0,4.0,AS8,Z,10.4,7.4,9.1,213.0,5,6
2020,Cadillac,CT4 AWD,Compact,2.7,4.0,AS10,Z,11.7,8.4,10.2,238.0,5,6
2020,Cadillac,CT4-V,Compact,2.7,4.0,AS10,Z,11.5,8.2,10.0,234.0,5,6
2020,Cadillac,CT4-V AWD,Compact,2.7,4.0,AS10,Z,11.7,8.4,10.2,238.0,5,6
2020,Cadillac,CT5,Mid-size,2.0,4.0,AS10,Z,10.4,7.3,9.0,209.0,5,6
2020,Cadillac,CT5,Mid-size,3.0,6.0,AS10,Z,12.6,9.1,11.0,256.0,4,5
2020,Cadillac,CT5 AWD,Mid-size,2.0,4.0,AS10,Z,11.0,7.7,9.5,221.0,5,6
2020,Cadillac,CT5 AWD,Mid-size,3.0,6.0,AS10,Z,13.3,9.3,11.5,268.0,4,5
2020,Cadillac,CT5-V,Mid-size,3.0,6.0,AS10,Z,13.1,9.1,11.3,263.0,4,5
2020,Cadillac,CT5-V AWD,Mid-size,3.0,6.0,AS10,Z,13.8,9.4,11.8,276.0,4,5
2020,Cadillac,CT6 AWD,Full-size,3.6,6.0,AS10,X,12.9,8.7,11.0,259.0,4,5
2020,Cadillac,CT6 AWD,Full-size,4.2,8.0,AS10,Z,17.3,9.5,13.8,324.0,3,3
2020,Cadillac,Escalade 4WD,SUV: Standard,6.2,8.0,A10,Z,16.7,11.1,14.2,333.0,3,3
2020,Cadillac,XT4,SUV: Small,2.0,4.0,AS9,Z,9.8,7.8,8.9,209.0,5,6
2020,Cadillac,XT4 AWD,SUV: Small,2.0,4.0,AS9,Z,10.9,8.2,9.7,227.0,5,6
2020,Cadillac,XT5,SUV: Small,2.0,4.0,AS9,Z,11.0,8.3,9.8,227.0,5,6
2020,Cadillac,XT5 AWD,SUV: Small,2.0,4.0,AS9,Z,11.2,8.9,10.1,235.0,5,6
2020,Cadillac,XT5 AWD,SUV: Small,3.6,6.0,AS9,X,13.4,9.4,11.6,270.0,4,6
2020,Cadillac,XT6 AWD,SUV: Small,3.6,6.0,AS9,X,13.5,9.7,11.8,277.0,4,6
2020,Chevrolet,Blazer,SUV: Small,2.0,4.0,A9,X,11.0,8.3,9.8,225.0,5,6
2020,Chevrolet,Blazer,SUV: Small,2.5,4.0,A9,X,11.3,8.9,10.2,238.0,5,5
2020,Chevrolet,Blazer AWD,SUV: Small,2.0,4.0,A9,X,11.3,8.7,10.1,232.0,5,6
2020,Chevrolet,Blazer AWD,SUV: Small,3.6,6.0,A9,X,13.1,9.4,11.4,269.0,4,6
2020,Chevrolet,Camaro,Subcompact,2.0,4.0,AS8,Z,10.9,7.6,9.4,219.0,5,5
2020,Chevrolet,Camaro,Subcompact,2.0,4.0,M6,Z,11.9,7.9,10.1,235.0,5,5
2020,Chevrolet,Camaro,Subcompact,3.6,6.0,AS10,X,12.5,8.1,10.5,247.0,4,6
2020,Chevrolet,Camaro,Subcompact,3.6,6.0,M6,X,14.3,9.0,11.9,280.0,4,6
2020,Chevrolet,Camaro SS,Subcompact,6.2,8.0,AS10,Z,14.6,8.9,12.1,282.0,4,1
2020,Chevrolet,Camaro SS,Subcompact,6.2,8.0,M6,Z,14.9,9.9,12.6,296.0,3,1
2020,Chevrolet,Camaro ZL1,Subcompact,6.2,8.0,AS10,Z,18.3,11.2,15.1,355.0,2,1
2020,Chevrolet,Camaro ZL1,Subcompact,6.2,8.0,M6,Z,17.2,12.0,14.8,349.0,2,1
2020,Chevrolet,Colorado,Pickup truck: Small,2.5,4.0,A6,X,12.1,9.2,10.8,252.0,4,5
2020,Chevrolet,Colorado,Pickup truck: Small,2.8,4.0,A6,D,11.8,7.9,10.1,270.0,4,3
2020,Chevrolet,Colorado,Pickup truck: Small,3.6,6.0,A8,X,13.4,9.6,11.7,273.0,4,5
2020,Chevrolet,Colorado 4WD,Pickup truck: Small,2.5,4.0,A6,X,12.6,9.7,11.3,265.0,4,5
2020,Chevrolet,Colorado 4WD,Pickup truck: Small,2.8,4.0,A6,D,12.3,8.5,10.6,284.0,3,3
2020,Chevrolet,Colorado 4WD,Pickup truck: Small,3.6,6.0,A8,X,14.0,9.9,12.2,286.0,3,5
2020,Chevrolet,Colorado ZR2 4WD,Pickup truck: Small,2.8,4.0,A6,D,13.3,10.6,12.1,326.0,3,3
2020,Chevrolet,Colorado ZR2 4WD,Pickup truck: Small,3.6,6.0,A8,X,15.0,13.0,14.1,331.0,3,5
2020,Chevrolet,Corvette,Two-seater,6.2,8.0,AS8,Z,15.4,8.7,12.4,290.0,3,3
2020,Chevrolet,Equinox,SUV: Small,1.5,4.0,A6,X,8.9,7.7,8.4,196.0,6,7
2020,Chevrolet,Equinox AWD,SUV: Small,1.5,4.0,A6,X,9.3,8.0,8.7,204.0,6,7
2020,Chevrolet,Equinox AWD,SUV: Small,2.0,4.0,A9,Z,10.9,8.3,9.7,228.0,5,5
2020,Chevrolet,Impala,Full-size,3.6,6.0,AS6,X,12.8,8.5,10.9,255.0,4,5
2020,Chevrolet,Impala,Full-size,3.6,6.0,AS6,E,17.2,11.6,14.7,246.0,4,5
2020,Chevrolet,Malibu,Mid-size,1.5,4.0,AV,X,8.2,6.6,7.5,189.0,6,6
2020,Chevrolet,Malibu,Mid-size,2.0,4.0,A9,Z,10.5,7.4,9.1,214.0,5,5
2020,Chevrolet,Silverado,Pickup truck: Standard,2.7,4.0,A8,X,11.9,10.3,11.1,262.0,4,6
2020,Chevrolet,Silverado WT,Pickup truck: Standard,2.7,4.0,A8,X,12.5,10.8,11.7,275.0,4,6
2020,Chevrolet,Silverado,Pickup truck: Standard,3.0,6.0,A10,D,10.2,7.2,8.9,238.0,5,1
2020,Chevrolet,Silverado,Pickup truck: Standard,4.3,6.0,A6,X,15.1,11.5,13.5,318.0,3,6
2020,Chevrolet,Silverado,Pickup truck: Standard,5.3,8.0,A6,X,15.9,11.4,13.9,326.0,3,5
2020,Chevrolet,Silverado FFV,Pickup truck: Standard,5.3,8.0,A6,X,16.0,12.6,14.4,339.0,2,3
2020,Chevrolet,Silverado FFV,Pickup truck: Standard,5.3,8.0,A6,E,22.2,16.2,19.5,326.0,3,3
2020,Chevrolet,Silverado,Pickup truck: Standard,5.3,8.0,A8,X,13.9,10.1,12.2,286.0,3,5
2020,Chevrolet,Silverado 4WD,Pickup truck: Standard,2.7,4.0,A8,X,12.5,10.8,11.7,275.0,4,6
2020,Chevrolet,Silverado WT 4WD,Pickup truck: Standard,2.7,4.0,A8,X,12.7,11.0,12.0,280.0,4,6
2020,Chevrolet,Silverado 4WD,Pickup truck: Standard,3.0,6.0,A10,D,10.4,8.0,9.4,252.0,4,1
2020,Chevrolet,Silverado 4WD,Pickup truck: Standard,4.3,6.0,A6,X,15.7,12.0,14.1,331.0,3,6
2020,Chevrolet,Silverado 4WD Custom Trail Boss,Pickup truck: Standard,4.3,6.0,A6,X,16.3,12.9,14.8,349.0,2,6
2020,Chevrolet,Silverado 4WD,Pickup truck: Standard,5.3,8.0,A6,X,15.9,11.8,14.1,331.0,3,5
2020,Chevrolet,Silverado 4WD FFV,Pickup truck: Standard,5.3,8.0,A6,X,16.6,13.0,15.0,350.0,2,3
2020,Chevrolet,Silverado 4WD FFV,Pickup truck: Standard,5.3,8.0,A6,E,22.3,18.1,20.5,342.0,2,3
2020,Chevrolet,Silverado 4WD Custom Trail Boss,Pickup truck: Standard,5.3,8.0,A6,X,16.7,13.1,15.1,354.0,2,5
2020,Chevrolet,Silverado 4WD,Pickup truck: Standard,5.3,8.0,A8,X,14.7,10.7,12.9,303.0,3,5
2020,Chevrolet,Silverado 4WD,Pickup truck: Standard,5.3,8.0,A10,X,14.3,10.6,12.6,296.0,3,5
2020,Chevrolet,Silverado 4WD LT Trail Boss,Pickup truck: Standard,5.3,8.0,A10,X,14.7,11.2,13.1,307.0,3,5
2020,Chevrolet,Silverado 4WD,Pickup truck: Standard,6.2,8.0,A10,Z,15.0,12.0,13.7,321.0,3,3
2020,Chevrolet,Silverado 4WD Custom Trail Boss,Pickup truck: Standard,6.2,8.0,A10,Z,16.8,13.3,15.2,357.0,2,3
2020,Chevrolet,Silverado 4WD LT Trail Boss,Pickup truck: Standard,6.2,8.0,A10,Z,15.7,12.4,14.2,332.0,3,3
2020,Chevrolet,Spark,Subcompact,1.4,4.0,AV,X,7.9,6.2,7.1,167.0,7,5
2020,Chevrolet,Spark,Subcompact,1.4,4.0,M5,X,8.0,6.2,7.2,170.0,7,5
2020,Chevrolet,Suburban,SUV: Standard,5.3,8.0,A6,X,15.7,10.5,13.4,314.0,3,3
2020,Chevrolet,Suburban FFV,SUV: Standard,5.3,8.0,A6,X,15.7,10.5,13.4,314.0,3,3
2020,Chevrolet,Suburban FFV,SUV: Standard,5.3,8.0,A6,E,21.2,13.9,17.9,298.0,3,3
2020,Chevrolet,Suburban 4WD,SUV: Standard,5.3,8.0,A6,X,16.8,11.3,14.4,337.0,2,3
2020,Chevrolet,Suburban 4WD FFV,SUV: Standard,5.3,8.0,A6,X,16.8,11.3,14.4,337.0,2,3
2020,Chevrolet,Suburban 4WD FFV,SUV: Standard,5.3,8.0,A6,E,22.2,15.3,19.1,319.0,3,3
2020,Chevrolet,Suburban 4WD,SUV: Standard,6.2,8.0,A10,Z,17.2,11.4,14.6,343.0,2,3
2020,Chevrolet,Tahoe,SUV: Standard,5.3,8.0,A6,X,15.7,10.5,13.4,314.0,3,3
2020,Chevrolet,Tahoe FFV,SUV: Standard,5.3,8.0,A6,X,15.7,10.5,13.4,314.0,3,3
2020,Chevrolet,Tahoe FFV,SUV: Standard,5.3,8.0,A6,E,21.2,13.9,17.9,298.0,3,3
2020,Chevrolet,Tahoe 4WD,SUV: Standard,5.3,8.0,A6,X,16.0,11.2,13.8,325.0,3,3
2020,Chevrolet,Tahoe 4WD FFV,SUV: Standard,5.3,8.0,A6,X,16.0,11.2,13.8,325.0,3,3
2020,Chevrolet,Tahoe 4WD FFV,SUV: Standard,5.3,8.0,A6,E,21.7,14.3,18.4,305.0,3,3
2020,Chevrolet,Tahoe 4WD,SUV: Standard,6.2,8.0,A10,Z,16.5,10.9,13.9,327.0,3,3
2020,Chevrolet,Traverse,SUV: Standard,3.6,6.0,A9,X,13.0,8.8,11.1,261.0,4,6
2020,Chevrolet,Traverse AWD,SUV: Standard,3.6,6.0,A9,X,13.6,9.6,11.8,276.0,4,6
2020,Chevrolet,Trax,SUV: Small,1.4,4.0,AS6,X,9.1,7.6,8.4,196.0,6,5
2020,Chevrolet,Trax AWD,SUV: Small,1.4,4.0,AS6,X,10.0,8.0,9.1,214.0,5,5
2020,Chrysler,300,Full-size,3.6,6.0,A8,X,12.4,7.8,10.3,242.0,5,3
2020,Chrysler,300,Full-size,5.7,8.0,A8,X,14.7,9.4,12.3,289.0,3,3
2020,Chrysler,300 AWD,Full-size,3.6,6.0,A8,X,12.8,8.7,11.0,258.0,4,3
2020,Chrysler,Pacifica (Stop-Start),Minivan,3.6,6.0,A9,X,12.4,8.4,10.6,249.0,4,7
2020,Chrysler,Pacifica AWD (Stop-Start),Minivan,3.6,6.0,A9,X,13.9,9.2,11.8,276.0,4,7
2020,Chrysler,Voyager (Stop-Start),Minivan,3.6,6.0,A9,X,12.4,8.4,10.6,249.0,4,7
2020,Dodge,Challenger,Mid-size,3.6,6.0,A8,X,12.4,7.8,10.3,242.0,5,3
2020,Dodge,Challenger (MDS),Mid-size,5.7,8.0,A8,X,14.7,9.4,12.3,289.0,3,3
2020,Dodge,Challenger,Mid-size,5.7,8.0,M6,Z,15.6,10.1,13.1,307.0,3,1
2020,Dodge,Challenger (MDS),Mid-size,6.4,8.0,A8,Z,15.8,9.6,13.0,305.0,3,1
2020,Dodge,Challenger,Mid-size,6.4,8.0,M6,Z,16.7,10.4,13.9,325.0,3,1
2020,Dodge,Challenger AWD,Mid-size,3.6,6.0,A8,X,12.8,8.7,11.0,258.0,4,3
2020,Dodge,Challenger Widebody (MDS),Mid-size,6.4,8.0,A8,Z,15.8,9.6,13.0,305.0,3,1
2020,Dodge,Challenger Widebody (MDS),Mid-size,6.4,8.0,M6,Z,16.7,10.4,13.9,325.0,3,1
2020,Dodge,Challenger SRT Hellcat,Mid-size,6.2,8.0,A8,Z,17.6,10.7,14.5,339.0,2,1
2020,Dodge,Challenger SRT Hellcat,Mid-size,6.2,8.0,M6,Z,18.1,11.4,15.1,352.0,2,1
2020,Dodge,Challenger SRT Hellcat Widebody,Mid-size,6.2,8.0,A8,Z,18.6,11.2,15.3,358.0,2,1
2020,Dodge,Challenger SRT Hellcat Widebody,Mid-size,6.2,8.0,M6,Z,18.1,11.4,15.1,352.0,2,1
2020,Dodge,Charger,Full-size,3.6,6.0,A5,X,13.7,9.0,11.6,271.0,4,3
2020,Dodge,Charger,Full-size,3.6,6.0,A8,X,12.4,7.8,10.3,242.0,5,3
2020,Dodge,Charger (MDS),Full-size,5.7,8.0,A8,X,14.7,9.4,12.3,289.0,3,3
2020,Dodge,Charger (MDS),Full-size,6.4,8.0,A8,Z,15.8,9.6,13.0,305.0,3,1
2020,Dodge,Charger AWD,Full-size,3.6,6.0,A8,X,12.8,8.7,11.0,258.0,4,3
2020,Dodge,Charger Widebody (MDS),Full-size,6.4,8.0,A8,Z,15.8,9.6,13.0,305.0,3,1
2020,Dodge,Charger SRT Hellcat Widebody,Full-size,6.2,8.0,A8,Z,19.0,11.5,15.6,368.0,2,1
2020,Dodge,Durango AWD,SUV: Standard,3.6,6.0,A8,X,12.7,9.6,11.3,265.0,4,7
2020,Dodge,Durango AWD,SUV: Standard,5.7,8.0,A8,X,16.7,10.9,14.1,331.0,3,3
2020,Dodge,Durango AWD SRT,SUV: Standard,6.4,8.0,A8,Z,18.3,12.2,15.6,363.0,2,1
2020,Dodge,Grand Caravan,Minivan,3.6,6.0,A6,X,13.7,9.4,11.8,276.0,4,5
2020,Dodge,Journey,SUV: Small,2.4,4.0,A4,X,12.7,9.2,11.1,261.0,4,3
2020,FIAT,124 Spider,Two-seater,1.4,4.0,A6,X,9.3,6.5,8.0,187.0,6,3
2020,FIAT,124 Spider,Two-seater,1.4,4.0,M6,X,9.0,6.7,7.9,185.0,7,3
2020,FIAT,500L,Station wagon: Small,1.4,4.0,A6,X,10.7,7.9,9.4,221.0,5,3
2020,FIAT,500X AWD,SUV: Small,1.3,4.0,A9,X,10.0,7.9,9.1,213.0,5,6
2020,Ford,EcoSport,SUV: Small,1.0,3.0,AS6,X,8.6,8.1,8.4,197.0,6,5
2020,Ford,EcoSport AWD,SUV: Small,2.0,4.0,AS6,X,10.2,8.1,9.2,216.0,5,5
2020,Ford,Edge,SUV: Small,2.0,4.0,A8,X,11.2,8.1,9.8,229.0,5,5
2020,Ford,Edge AWD,SUV: Small,2.0,4.0,A8,X,11.4,8.3,10.0,233.0,5,5
2020,Ford,Edge AWD,SUV: Small,2.0,4.0,AS8,X,11.4,8.3,10.0,233.0,5,5
2020,Ford,Edge AWD,SUV: Small,2.7,6.0,AS8,X,12.5,9.2,11.0,258.0,4,5
2020,Ford,Escape,SUV: Small,1.5,3.0,A8,X,8.6,7.1,7.9,185.0,7,7
2020,Ford,Escape AWD,SUV: Small,1.5,3.0,A8,X,8.9,7.6,8.3,196.0,6,7
2020,Ford,Escape AWD,SUV: Small,2.0,4.0,AS8,X,10.4,7.5,9.1,213.0,5,5
2020,Ford,Escape Hybrid,SUV: Small,2.5,4.0,AV,X,5.4,6.3,5.8,136.0,9,7
2020,Ford,Escape Hybrid AWD,SUV: Small,2.5,4.0,AV,X,5.5,6.4,5.9,139.0,9,7
2020,Ford,Expedition 4X4,SUV: Standard,3.5,6.0,AS10,X,14.1,10.6,12.5,294.0,3,5
2020,Ford,Expedition MAX 4X4,SUV: Standard,3.5,6.0,AS10,X,14.7,11.2,13.1,308.0,3,5
2020,Ford,Explorer AWD,SUV: Standard,2.3,4.0,AS10,X,11.6,8.7,10.3,241.0,5,5
2020,Ford,Explorer AWD,SUV: Standard,3.0,6.0,AS10,X,13.3,9.8,11.8,278.0,4,5
2020,Ford,Explorer Hybrid AWD,SUV: Standard,3.3,6.0,AS10,X,10.1,9.0,9.6,225.0,5,5
2020,Ford,F-150,Pickup truck: Standard,2.7,6.0,AS10,X,12.0,8.9,10.6,249.0,4,5
2020,Ford,F-150,Pickup truck: Standard,3.0,6.0,AS10,D,11.1,8.3,9.8,264.0,4,1
2020,Ford,F-150 (LT Tire Pkg),Pickup truck: Standard,3.0,6.0,AS10,D,11.1,8.3,9.8,264.0,4,1
2020,Ford,F-150 FFV,Pickup truck: Standard,3.3,6.0,AS6,X,12.1,9.3,10.8,254.0,4,5
2020,Ford,F-150 FFV,Pickup truck: Standard,3.3,6.0,AS6,E,16.6,12.6,14.8,245.0,5,5
2020,Ford,F-150,Pickup truck: Standard,3.5,6.0,AS10,X,14.3,10.7,12.7,298.0,3,5
2020,Ford,F-150 FFV,Pickup truck: Standard,5.0,8.0,AS10,X,14.3,10.6,12.6,297.0,3,3
2020,Ford,F-150 FFV,Pickup truck: Standard,5.0,8.0,AS10,E,20.0,14.8,17.6,293.0,3,3
2020,Ford,F-150 FFV (LT Tire Pkg),Pickup truck: Standard,5.0,8.0,AS10,X,14.4,11.2,13.0,305.0,3,3
2020,Ford,F-150 FFV (LT Tire Pkg),Pickup truck: Standard,5.0,8.0,AS10,E,20.0,14.9,17.7,294.0,3,3
2020,Ford,F-150 FFV (Payload Pkg),Pickup truck: Standard,5.0,8.0,AS10,X,15.1,11.8,13.6,319.0,3,3
2020,Ford,F-150 FFV (Payload Pkg),Pickup truck: Standard,5.0,8.0,AS10,E,19.9,15.8,18.0,300.0,3,3
2020,Ford,F-150 4X4,Pickup truck: Standard,2.7,6.0,AS10,X,13.1,10.2,11.8,277.0,4,5
2020,Ford,F-150 4X4,Pickup truck: Standard,3.0,6.0,AS10,D,11.9,9.4,10.8,290.0,3,1
2020,Ford,F-150 4X4 XL/XLT,Pickup truck: Standard,3.0,6.0,AS10,D,11.3,8.5,10.0,270.0,4,1
2020,Ford,F-150 FFV 4X4,Pickup truck: Standard,3.3,6.0,AS6,X,12.9,10.2,11.7,274.0,4,5
2020,Ford,F-150 FFV 4X4,Pickup truck: Standard,3.3,6.0,AS6,E,17.6,13.8,15.9,265.0,4,5
2020,Ford,F-150 4X4,Pickup truck: Standard,3.5,6.0,AS10,X,14.6,10.9,13.0,304.0,3,5
2020,Ford,F-150 4X4 Limited,Pickup truck: Standard,3.5,6.0,AS10,X,13.8,11.2,12.6,296.0,3,5
2020,Ford,F-150 FFV 4X4,Pickup truck: Standard,5.0,8.0,AS10,X,15.1,11.6,13.5,317.0,3,3
2020,Ford,F-150 FFV 4X4,Pickup truck: Standard,5.0,8.0,AS10,E,20.3,14.7,17.8,296.0,3,3
2020,Ford,F-150 Raptor 4X4,Pickup truck: Standard,3.5,6.0,AS10,X,15.3,13.1,14.3,336.0,2,5
2020,Ford,Fusion,Mid-size,1.5,4.0,AS6,X,10.0,7.0,8.7,203.0,6,7
2020,Ford,Fusion Hybrid,Mid-size,2.0,4.0,AV,X,5.5,5.7,5.6,131.0,9,7
2020,Ford,GT,Two-seater,3.5,6.0,AM7,Z,19.8,12.8,16.6,393.0,1,3
2020,Ford,Mustang,Subcompact,2.3,4.0,AS10,X,11.2,7.3,9.4,221.0,5,5
2020,Ford,Mustang (Performance Pkg),Subcompact,2.3,4.0,AS10,X,11.8,8.4,10.3,242.0,5,5
2020,Ford,Mustang,Subcompact,2.3,4.0,M6,X,11.2,7.9,9.7,226.0,5,5
2020,Ford,Mustang (Performance Pkg),Subcompact,2.3,4.0,M6,X,11.8,8.7,10.4,244.0,5,5
2020,Ford,Mustang,Subcompact,5.0,8.0,AS10,X,15.0,9.1,12.3,289.0,3,3
2020,Ford,Mustang,Subcompact,5.0,8.0,M6,X,16.1,9.9,13.3,312.0,3,3
2020,Ford,Mustang Bullitt,Subcompact,5.0,8.0,M6,X,16.4,10.2,13.6,319.0,3,3
2020,Ford,Mustang Convertible,Subcompact,2.3,4.0,AS10,X,11.8,8.4,10.3,242.0,5,5
2020,Ford,Mustang Convertible (Performance Pkg),Subcompact,2.3,4.0,AS10,X,11.8,8.7,10.4,244.0,5,5
2020,Ford,Mustang Convertible,Subcompact,2.3,4.0,M6,X,11.8,8.4,10.3,240.0,5,5
2020,Ford,Mustang Convertible (Performance Pkg),Subcompact,2.3,4.0,M6,X,12.1,9.1,10.7,252.0,4,5
2020,Ford,Mustang Convertible,Subcompact,5.0,8.0,AS10,X,15.4,9.7,12.9,303.0,3,3
2020,Ford,Ranger 4WD,Pickup truck: Standard,2.3,4.0,AS10,X,11.8,9.8,10.9,256.0,4,5
2020,Ford,Shelby GT350 Mustang,Subcompact,5.2,8.0,M6,Z,17.1,11.4,14.5,342.0,2,3
2020,Ford,Shelby GT500 Mustang,Subcompact,5.2,8.0,AM7,Z,19.9,12.7,16.7,392.0,1,3
2020,Ford,T-150 Wagon FFV,Van: Passenger,3.5,6.0,AS10,X,16.2,12.3,14.5,340.0,2,1
2020,Ford,T-150 Wagon FFV,Van: Passenger,3.5,6.0,AS10,E,21.5,16.2,19.1,316.0,3,1
2020,Ford,T-150 Wagon FFV 4WD,Van: Passenger,3.5,6.0,AS10,X,16.7,12.8,15.0,352.0,2,1
2020,Ford,T-150 Wagon FFV 4WD,Van: Passenger,3.5,6.0,AS10,E,22.1,16.8,19.8,328.0,3,1
2020,Ford,Transit Connect Van FFV,Special purpose vehicle,2.0,4.0,AS8,X,9.8,8.8,9.3,219.0,5,5
2020,Ford,Transit Connect Van FFV,Special purpose vehicle,2.0,4.0,AS8,E,13.3,11.8,12.6,209.0,5,5
2020,Ford,Transit Connect Van LWB,Special purpose vehicle,2.0,4.0,AS8,X,9.8,8.8,9.3,219.0,5,6
2020,Ford,Transit Connect Van LWB,Special purpose vehicle,2.5,4.0,AS6,X,12.0,8.8,10.6,247.0,4,5
2020,Ford,Transit Connect Wagon LWB,Special purpose vehicle,2.0,4.0,AS8,X,9.9,8.2,9.2,214.0,5,6
2020,Ford,Transit Connect Wagon LWB FFV,Special purpose vehicle,2.0,4.0,AS8,X,9.9,8.2,9.2,214.0,5,5
2020,Ford,Transit Connect Wagon LWB FFV,Special purpose vehicle,2.0,4.0,AS8,E,13.7,11.1,12.5,208.0,6,5
2020,Ford,Transit Connect Wagon LWB,Special purpose vehicle,2.5,4.0,AS6,X,12.1,9.0,10.7,251.0,4,5
2020,Genesis,G70,Compact,2.0,4.0,M6,Z,12.8,8.5,10.9,255.0,4,3
2020,Genesis,G70 AWD,Compact,2.0,4.0,AS8,Z,11.4,8.6,10.2,238.0,5,3
2020,Genesis,G70 AWD,Compact,3.3,6.0,AS8,Z,14.1,9.5,12.0,284.0,3,3
2020,Genesis,G80 AWD,Full-size,3.3,6.0,AS8,Z,13.8,9.7,11.9,282.0,4,3
2020,Genesis,G80 AWD,Full-size,3.8,6.0,AS8,X,13.4,9.6,11.7,276.0,4,5
2020,Genesis,G80 AWD,Full-size,5.0,8.0,AS8,Z,15.6,10.4,13.2,312.0,3,5
2020,Genesis,G90 AWD,Full-size,3.3,6.0,AS8,Z,13.6,9.5,11.8,280.0,4,3
2020,Genesis,G90 AWD,Full-size,5.0,8.0,AS8,Z,15.4,10.2,13.1,311.0,3,5
2020,GMC,Acadia,SUV: Standard,2.0,4.0,A9,X,11.0,8.3,9.8,225.0,5,6
2020,GMC,Acadia,SUV: Standard,2.5,4.0,A9,X,11.3,8.9,10.2,238.0,5,5
2020,GMC,Acadia,SUV: Standard,3.6,6.0,A9,X,12.6,8.8,10.9,257.0,4,6
2020,GMC,Acadia AWD,SUV: Standard,2.0,4.0,A9,X,11.3,8.7,10.1,232.0,5,6
2020,GMC,Acadia AWD,SUV: Standard,3.6,6.0,A9,X,13.1,9.4,11.4,269.0,4,6
2020,GMC,Canyon,Pickup truck: Small,2.5,4.0,A6,X,12.1,9.2,10.8,252.0,4,5
2020,GMC,Canyon,Pickup truck: Small,2.8,4.0,A6,D,11.8,7.9,10.1,270.0,4,3
2020,GMC,Canyon,Pickup truck: Small,3.6,6.0,A8,X,13.4,9.6,11.7,273.0,4,5
2020,GMC,Canyon 4WD,Pickup truck: Small,2.5,4.0,A6,X,12.6,9.7,11.3,265.0,4,5
2020,GMC,Canyon 4WD,Pickup truck: Small,2.8,4.0,A6,D,12.3,8.5,10.6,284.0,3,3
2020,GMC,Canyon 4WD,Pickup truck: Small,3.6,6.0,A8,X,14.0,9.9,12.2,286.0,3,5
2020,GMC,Sierra,Pickup truck: Standard,2.7,4.0,A8,X,11.9,10.3,11.1,262.0,4,6
2020,GMC,Sierra WT,Pickup truck: Standard,2.7,4.0,A8,X,12.5,10.8,11.7,275.0,4,6
2020,GMC,Sierra,Pickup truck: Standard,3.0,6.0,A10,D,10.2,7.8,9.1,245.0,5,1
2020,GMC,Sierra,Pickup truck: Standard,4.3,6.0,A6,X,15.1,11.5,13.5,318.0,3,6
2020,GMC,Sierra,Pickup truck: Standard,5.3,8.0,A6,X,15.9,11.4,13.9,326.0,3,5
2020,GMC,Sierra FFV,Pickup truck: Standard,5.3,8.0,A6,X,16.0,12.6,14.4,339.0,2,3
2020,GMC,Sierra FFV,Pickup truck: Standard,5.3,8.0,A6,E,22.2,16.2,19.5,326.0,3,3
2020,GMC,Sierra,Pickup truck: Standard,5.3,8.0,A8,X,14.0,10.1,12.2,288.0,3,5
2020,GMC,Sierra 4WD,Pickup truck: Standard,2.7,4.0,A8,X,12.5,10.8,11.7,275.0,4,6
2020,GMC,Sierra WT 4WD,Pickup truck: Standard,2.7,4.0,A8,X,12.7,11.0,12.0,280.0,4,6
2020,GMC,Sierra 4WD,Pickup truck: Standard,3.0,6.0,A10,D,10.5,9.1,9.9,265.0,4,1
2020,GMC,Sierra 4WD AT4,Pickup truck: Standard,3.0,6.0,A10,D,10.5,9.1,9.9,265.0,4,1
2020,GMC,Sierra 4WD,Pickup truck: Standard,4.3,6.0,A6,X,15.7,12.0,14.1,331.0,3,6
2020,GMC,Sierra 4WD,Pickup truck: Standard,5.3,8.0,A6,X,15.9,11.8,14.1,331.0,3,5
2020,GMC,Sierra 4WD FFV,Pickup truck: Standard,5.3,8.0,A6,X,16.4,12.6,14.7,344.0,2,3
2020,GMC,Sierra 4WD FFV,Pickup truck: Standard,5.3,8.0,A6,E,21.8,16.8,19.5,325.0,3,3
2020,GMC,Sierra 4WD AT4,Pickup truck: Standard,5.3,8.0,A6,X,16.7,13.1,15.1,354.0,2,5
2020,GMC,Sierra 4WD,Pickup truck: Standard,5.3,8.0,A8,X,14.7,10.8,13.0,304.0,3,5
2020,GMC,Sierra 4WD AT4,Pickup truck: Standard,5.3,8.0,A8,X,15.1,11.4,13.4,314.0,3,5
2020,GMC,Sierra 4WD,Pickup truck: Standard,5.3,8.0,A10,X,14.3,10.6,12.7,298.0,3,5
2020,GMC,Sierra 4WD AT4,Pickup truck: Standard,5.3,8.0,A10,X,14.7,11.2,13.1,307.0,3,5
2020,GMC,Sierra 4WD,Pickup truck: Standard,6.2,8.0,A10,Z,15.5,11.9,13.9,326.0,3,3
2020,GMC,Sierra 4WD AT4,Pickup truck: Standard,6.2,8.0,A10,Z,15.7,12.4,14.2,332.0,3,3
2020,GMC,Terrain,SUV: Small,1.5,4.0,A9,X,9.2,7.8,8.6,202.0,6,7
2020,GMC,Terrain AWD,SUV: Small,1.5,4.0,A9,X,9.5,8.3,9.0,210.0,5,7
2020,GMC,Terrain AWD,SUV: Small,2.0,4.0,A9,Z,11.2,9.0,10.2,239.0,5,5
2020,GMC,Yukon,SUV: Standard,5.3,8.0,A6,X,15.7,10.5,13.4,314.0,3,3
2020,GMC,Yukon FFV,SUV: Standard,5.3,8.0,A6,X,15.7,10.5,13.4,314.0,3,3
2020,GMC,Yukon FFV,SUV: Standard,5.3,8.0,A6,E,21.2,13.9,17.9,298.0,3,3
2020,GMC,Yukon 4WD,SUV: Standard,5.3,8.0,A6,X,16.0,11.2,13.8,325.0,3,3
2020,GMC,Yukon 4WD FFV,SUV: Standard,5.3,8.0,A6,X,16.0,11.2,13.8,325.0,3,3
2020,GMC,Yukon 4WD FFV,SUV: Standard,5.3,8.0,A6,E,21.7,14.3,18.4,305.0,3,3
2020,GMC,Yukon 4WD,SUV: Standard,6.2,8.0,A10,Z,16.5,10.9,13.9,327.0,3,3
2020,GMC,Yukon XL,SUV: Standard,5.3,8.0,A6,X,15.7,10.5,13.4,314.0,3,3
2020,GMC,Yukon XL FFV,SUV: Standard,5.3,8.0,A6,X,15.7,10.5,13.4,314.0,3,3
2020,GMC,Yukon XL FFV,SUV: Standard,5.3,8.0,A6,E,21.2,13.9,17.9,298.0,3,3
2020,GMC,Yukon XL 4WD,SUV: Standard,5.3,8.0,A6,X,16.8,11.3,14.4,337.0,2,3
2020,GMC,Yukon XL 4WD FFV,SUV: Standard,5.3,8.0,A6,X,16.8,11.3,14.4,337.0,2,3
2020,GMC,Yukon XL 4WD FFV,SUV: Standard,5.3,8.0,A6,E,22.2,15.3,19.1,319.0,3,3
2020,GMC,Yukon XL 4WD,SUV: Standard,6.2,8.0,A10,Z,17.2,11.4,14.6,343.0,2,3
2020,Honda,Accord,Full-size,1.5,4.0,AV,X,7.9,6.3,7.2,170.0,7,6
2020,Honda,Accord,Full-size,1.5,4.0,AV7,X,8.2,6.8,7.6,177.0,7,6
2020,Honda,Accord,Full-size,1.5,4.0,M6,X,8.9,6.7,7.9,185.0,7,7
2020,Honda,Accord,Full-size,2.0,4.0,M6,X,10.7,7.3,9.2,214.0,5,7
2020,Honda,Accord Sport/Touring,Mid-size,2.0,4.0,AS10,X,10.4,7.4,9.1,211.0,5,6
2020,Honda,Accord Hybrid,Full-size,2.0,4.0,AV,X,5.0,5.0,5.0,117.0,10,7
2020,Honda,Civic Coupe,Compact,1.5,4.0,AV7,X,7.8,6.4,7.2,167.0,7,3
2020,Honda,Civic Coupe,Compact,2.0,4.0,AV,X,7.8,6.1,7.1,164.0,8,3
2020,Honda,Civic Coupe,Compact,2.0,4.0,AV7,X,8.3,6.6,7.5,176.0,7,3
2020,Honda,Civic Coupe,Compact,2.0,4.0,M6,X,9.3,6.7,8.1,189.0,6,3
2020,Honda,Civic Coupe Si,Compact,1.5,4.0,M6,Z,8.9,6.4,7.8,183.0,7,3
2020,Honda,Civic Hatchback,Full-size,1.5,4.0,AV,X,7.7,6.0,6.9,162.0,8,3
2020,Honda,Civic Hatchback,Full-size,1.5,4.0,M6,X,8.0,6.2,7.2,167.0,7,3
2020,Honda,Civic Hatchback Sport,Full-size,1.5,4.0,AV7,Z,8.0,6.6,7.4,172.0,7,3
2020,Honda,Civic Hatchback Sport,Full-size,1.5,4.0,M6,Z,8.0,6.2,7.2,167.0,7,3
2020,Honda,Civic Sedan,Mid-size,1.5,4.0,AV7,X,7.8,6.2,7.1,165.0,7,3
2020,Honda,Civic Sedan,Mid-size,2.0,4.0,AV,X,7.9,6.1,7.1,167.0,7,3
2020,Honda,Civic Sedan,Mid-size,2.0,4.0,AV7,X,8.2,6.5,7.4,172.0,7,3
2020,Honda,Civic Sedan,Mid-size,2.0,4.0,M6,X,9.3,6.5,8.0,186.0,7,3
2020,Honda,Civic Sedan Si,Mid-size,1.5,4.0,M6,Z,8.9,6.4,7.8,183.0,7,3
2020,Honda,Civic Type R,Full-size,2.0,4.0,M6,Z,10.5,8.4,9.6,223.0,5,3
2020,Honda,CR-V,SUV: Small,1.5,4.0,AV,X,8.3,7.0,7.7,180.0,7,5
2020,Honda,CR-V AWD,SUV: Small,1.5,4.0,AV,X,8.7,7.4,8.1,189.0,6,5
2020,Honda,Fit,Station wagon: Small,1.5,4.0,AV,X,7.0,5.9,6.5,151.0,8,7
2020,Honda,Fit,Station wagon: Small,1.5,4.0,AV7,X,7.6,6.5,7.0,166.0,7,7
2020,Honda,Fit,Station wagon: Small,1.5,4.0,M6,X,8.1,6.6,7.4,174.0,7,3
2020,Honda,HR-V,Station wagon: Small,1.8,4.0,AV,X,8.4,7.0,7.8,181.0,7,5
2020,Honda,HR-V AWD,Station wagon: Small,1.8,4.0,AV,X,8.8,7.5,8.2,193.0,6,5
2020,Honda,HR-V AWD,Station wagon: Small,1.8,4.0,AV7,X,9.1,7.7,8.5,200.0,6,5
2020,Honda,Insight EX/Touring,Mid-size,1.5,4.0,AV,X,4.6,5.3,4.9,115.0,10,7
2020,Honda,Odyssey,Minivan,3.5,6.0,AS10,X,12.2,8.5,10.6,248.0,4,5
2020,Honda,Passport AWD,SUV: Small,3.5,6.0,AS9,X,12.5,9.8,11.3,265.0,4,3
2020,Honda,Pilot AWD,SUV: Small,3.5,6.0,A6,X,13.0,9.3,11.3,266.0,4,3
2020,Honda,Pilot AWD,SUV: Small,3.5,6.0,AS9,X,12.4,9.3,11.0,257.0,4,3
2020,Honda,Ridgeline AWD,Pickup truck: Standard,3.5,6.0,AS9,X,12.6,10.0,11.4,269.0,4,3
2020,Hyundai,Accent,Compact,1.6,4.0,AV,X,7.3,6.0,6.7,160.0,8,3
2020,Hyundai,Accent,Compact,1.6,4.0,M6,X,7.8,6.1,7.0,168.0,7,3
2020,Hyundai,Elantra,Mid-size,1.6,4.0,AM7,X,8.9,7.0,8.1,192.0,6,5
2020,Hyundai,Elantra,Mid-size,1.6,4.0,M6,X,10.1,7.6,9.0,214.0,5,5
2020,Hyundai,Elantra,Mid-size,2.0,4.0,AV,X,7.8,5.6,6.8,161.0,8,5
2020,Hyundai,Elantra,Mid-size,2.0,4.0,M6,X,9.1,6.3,7.9,187.0,7,5
2020,Hyundai,Elantra GT,Full-size,1.6,4.0,AM7,X,9.7,7.4,8.6,205.0,6,5
2020,Hyundai,Elantra GT,Full-size,1.6,4.0,M6,X,10.3,7.9,9.2,218.0,5,5
2020,Hyundai,Elantra GT,Full-size,2.0,4.0,AS6,X,9.4,7.1,8.4,199.0,6,5
2020,Hyundai,Elantra GT,Full-size,2.0,4.0,M6,X,9.8,7.4,8.7,207.0,6,5
2020,Hyundai,IONIQ,Full-size,1.6,4.0,AM6,X,4.2,4.2,4.2,99.0,10,7
2020,Hyundai,IONIQ Blue,Full-size,1.6,4.0,AM6,X,4.2,4.0,4.1,96.0,10,7
2020,Hyundai,Kona,SUV: Small,2.0,4.0,AS6,X,8.6,7.0,7.9,187.0,7,5
2020,Hyundai,Kona AWD,SUV: Small,1.6,4.0,AM7,X,9.0,8.0,8.6,201.0,6,5
2020,Hyundai,Kona AWD,SUV: Small,2.0,4.0,AS6,X,9.2,7.8,8.6,202.0,6,5
2020,Hyundai,Palisade,SUV: Standard,3.8,6.0,AS8,X,11.9,8.8,10.5,250.0,4,5
2020,Hyundai,Palisade AWD,SUV: Standard,3.8,6.0,AS8,X,12.3,9.6,11.1,265.0,4,5
2020,Hyundai,Santa Fe,SUV: Small,2.4,4.0,AS8,X,10.8,8.0,9.6,225.0,5,5
2020,Hyundai,Santa Fe AWD,SUV: Small,2.0,4.0,AS8,X,12.0,9.2,10.7,255.0,4,5
2020,Hyundai,Santa Fe AWD,SUV: Small,2.4,4.0,AS8,X,11.3,8.8,10.1,238.0,5,5
2020,Hyundai,Sonata,Full-size,1.6,4.0,AS8,X,8.6,6.6,7.7,181.0,7,5
2020,Hyundai,Sonata,Full-size,2.5,4.0,AS8,X,8.8,6.4,7.7,182.0,7,7
2020,Hyundai,Sonata Hybrid,Full-size,2.0,4.0,AM6,X,5.3,4.6,5.0,117.0,10,7
2020,Hyundai,Tucson,SUV: Small,2.0,4.0,AS6,X,10.0,7.9,9.1,216.0,5,5
2020,Hyundai,Tucson AWD,SUV: Small,2.0,4.0,AS6,X,10.8,9.2,10.1,239.0,5,5
2020,Hyundai,Tucson AWD,SUV: Small,2.4,4.0,AS6,X,11.0,9.1,10.1,241.0,5,5
2020,Hyundai,Veloster Turbo,Compact,1.6,4.0,AM7,X,8.5,6.9,7.8,184.0,7,5
2020,Hyundai,Veloster Turbo,Compact,1.6,4.0,M6,X,9.4,7.0,8.3,196.0,6,5
2020,Hyundai,Veloster,Compact,2.0,4.0,AS6,X,9.1,7.1,8.2,193.0,6,5
2020,Hyundai,Veloster N,Compact,2.0,4.0,M6,X,10.6,8.3,9.5,226.0,5,3
2020,Hyundai,Venue,Mid-size,1.6,4.0,AV,X,8.0,7.0,7.5,178.0,7,5
2020,Hyundai,Venue,Mid-size,1.6,4.0,M6,X,8.6,6.8,7.8,184.0,7,5
2020,Infiniti,Q50 AWD,Mid-size,3.0,6.0,AS7,Z,12.5,8.7,10.8,254.0,4,3
2020,Infiniti,Q50 AWD Red Sport,Mid-size,3.0,6.0,AS7,Z,12.5,9.3,11.1,261.0,4,3
2020,Infiniti,Q60 AWD,Subcompact,3.0,6.0,AS7,Z,12.3,8.7,10.7,251.0,4,3
2020,Infiniti,Q60 AWD Red Sport,Subcompact,3.0,6.0,AS7,Z,12.5,9.2,11.0,259.0,4,3
2020,Infiniti,QX50 AWD,SUV: Small,2.0,4.0,AV8,Z,10.8,8.3,9.7,228.0,5,5
2020,Infiniti,QX60 AWD,SUV: Small,3.5,6.0,AV7,Z,12.5,9.0,10.9,257.0,4,3
2020,Infiniti,QX80 4WD,SUV: Standard,5.6,8.0,AS7,Z,17.8,12.3,15.3,360.0,2,3
2020,Jaguar,E-PACE P250,SUV: Small,2.0,4.0,AS9,Z,11.0,8.4,9.8,231.0,5,7
2020,Jaguar,E-PACE P300,SUV: Small,2.0,4.0,AS9,Z,11.2,8.6,10.1,236.0,5,7
2020,Jaguar,F-PACE 25t,SUV: Small,2.0,4.0,AS8,Z,10.7,8.8,9.9,227.0,5,7
2020,Jaguar,F-PACE 30t,SUV: Small,2.0,4.0,AS8,Z,10.9,8.7,9.9,232.0,5,7
2020,Jaguar,F-PACE S,SUV: Small,3.0,6.0,AS8,Z,13.3,10.0,11.8,277.0,4,7
2020,Jaguar,F-PACE SVR,SUV: Small,5.0,8.0,AS8,Z,14.5,11.0,12.9,303.0,3,3
2020,Jaguar,F-TYPE P300 Convertible,Two-seater,2.0,4.0,AS8,Z,10.2,7.8,9.2,215.0,5,7
2020,Jaguar,F-TYPE Convertible,Two-seater,3.0,6.0,AS8,Z,11.9,8.5,10.4,242.0,5,7
2020,Jaguar,F-TYPE Convertible R-Dynamic,Two-seater,3.0,6.0,AS8,Z,12.4,8.8,10.8,253.0,4,7
2020,Jaguar,F-TYPE Convertible R-Dynamic AWD,Two-seater,3.0,6.0,AS8,Z,13.0,9.2,11.3,265.0,4,7
2020,Jaguar,F-TYPE R AWD Convertible,Two-seater,5.0,8.0,AS8,Z,15.2,9.8,12.7,299.0,3,3
2020,Jaguar,F-TYPE SVR AWD Convertible,Two-seater,5.0,8.0,AS8,Z,15.2,9.8,12.7,299.0,3,3
2020,Jaguar,F-TYPE P300 Coupe,Two-seater,2.0,4.0,AS8,Z,10.2,7.8,9.2,215.0,5,7
2020,Jaguar,F-TYPE Coupe,Two-seater,3.0,6.0,AS8,Z,11.9,8.5,10.4,242.0,5,7
2020,Jaguar,F-TYPE Coupe R-Dynamic,Two-seater,3.0,6.0,AS8,Z,12.4,8.8,10.8,253.0,4,7
2020,Jaguar,F-TYPE Coupe R-Dynamic AWD,Two-seater,3.0,6.0,AS8,Z,13.0,9.2,11.3,265.0,4,7
2020,Jaguar,F-TYPE R AWD Coupe,Two-seater,5.0,8.0,AS8,Z,15.2,9.8,12.7,299.0,3,3
2020,Jaguar,F-TYPE SVR AWD Coupe,Two-seater,5.0,8.0,AS8,Z,15.2,9.8,12.7,299.0,3,3
2020,Jaguar,XE P250 AWD,Compact,2.0,4.0,AS8,Z,9.8,6.9,8.5,200.0,6,7
2020,Jaguar,XE P300 AWD,Compact,2.0,4.0,AS8,Z,10.7,7.7,9.4,220.0,5,7
2020,Jaguar,XF 25t AWD,Mid-size,2.0,4.0,AS8,Z,10.1,7.2,8.8,207.0,6,7
2020,Jaguar,XF 30t AWD,Mid-size,2.0,4.0,AS8,Z,10.6,7.6,9.2,217.0,5,7
2020,Jaguar,XF S AWD,Mid-size,3.0,6.0,AS8,Z,12.0,8.4,10.4,243.0,5,7
2020,Jeep,Cherokee,SUV: Small,2.0,4.0,A9,X,10.4,7.6,9.1,214.0,5,5
2020,Jeep,Cherokee,SUV: Small,2.4,4.0,A9,X,10.8,7.6,9.3,219.0,5,6
2020,Jeep,Cherokee,SUV: Small,3.2,6.0,A9,X,11.9,8.2,10.2,240.0,5,5
2020,Jeep,Cherokee 4X4 Active Drive I,SUV: Small,2.0,4.0,A9,X,11.2,8.0,9.8,229.0,5,5
2020,Jeep,Cherokee 4X4 Active Drive I,SUV: Small,2.4,4.0,A9,X,11.2,8.0,9.8,230.0,5,6
2020,Jeep,Cherokee 4X4 Active Drive I,SUV: Small,3.2,6.0,A9,X,12.2,8.6,10.6,249.0,4,5
2020,Jeep,Cherokee 4X4 Active Drive II,SUV: Small,2.0,4.0,A9,X,11.5,8.6,10.2,240.0,5,5
2020,Jeep,Cherokee 4X4 Active Drive II,SUV: Small,3.2,6.0,A9,X,12.8,9.0,11.1,259.0,4,5
2020,Jeep,Cherokee 4X4 Active Drive Lock,SUV: Small,2.0,4.0,A9,X,11.8,9.2,10.6,249.0,4,5
2020,Jeep,Cherokee 4X4 Active Drive Lock,SUV: Small,3.2,6.0,A9,X,12.9,9.9,11.6,269.0,4,5
2020,Jeep,Compass,SUV: Small,2.4,4.0,A6,X,10.6,7.6,9.3,218.0,5,6
2020,Jeep,Compass,SUV: Small,2.4,4.0,M6,X,10.4,7.3,9.0,211.0,5,3
2020,Jeep,Compass 4X4,SUV: Small,2.4,4.0,A9,X,10.8,7.8,9.5,222.0,5,6
2020,Jeep,Compass 4X4,SUV: Small,2.4,4.0,M6,X,10.8,7.6,9.4,221.0,5,3
2020,Jeep,Gladiator 4X4,Pickup truck: Standard,3.6,6.0,A8,X,13.7,10.7,12.3,290.0,3,5
2020,Jeep,Gladiator 4X4,Pickup truck: Standard,3.6,6.0,M6,X,14.3,10.4,12.6,296.0,3,5
2020,Jeep,Grand Cherokee 4X4,SUV: Standard,3.6,6.0,A8,X,12.7,9.6,11.3,265.0,4,7
2020,Jeep,Grand Cherokee 4X4,SUV: Standard,5.7,8.0,A8,X,16.7,10.9,14.1,331.0,3,3
2020,Jeep,Grand Cherokee 4X4 Trackhawk,SUV: Standard,6.2,8.0,A8,Z,20.9,13.8,17.7,413.0,1,1
2020,Jeep,Grand Cherokee 4X4 SRT,SUV: Standard,6.4,8.0,A8,Z,18.3,12.6,15.7,368.0,2,1
2020,Jeep,Renegade,SUV: Small,1.3,4.0,A9,X,9.8,7.4,8.7,204.0,6,6
2020,Jeep,Renegade,SUV: Small,2.4,4.0,A9,X,10.8,7.8,9.5,222.0,5,6
2020,Jeep,Renegade 4X4,SUV: Small,1.3,4.0,A9,X,10.1,8.1,9.2,216.0,5,6
2020,Jeep,Renegade 4X4 Trailhawk,SUV: Small,1.3,4.0,A9,X,10.8,8.7,9.9,230.0,5,6
2020,Jeep,Renegade 4X4,SUV: Small,2.4,4.0,A9,X,11.2,8.2,9.8,230.0,5,6
2020,Jeep,Wrangler 4X4,SUV: Small,2.0,4.0,A8,X,10.7,9.8,10.3,241.0,5,5
2020,Jeep,Wrangler 4X4,SUV: Small,3.6,6.0,A8,X,12.8,10.4,11.8,274.0,4,5
2020,Jeep,Wrangler 4X4 eTorque,SUV: Small,3.6,6.0,A8,X,12.0,9.8,11.0,259.0,4,5
2020,Jeep,Wrangler 4X4,SUV: Small,3.6,6.0,M6,X,13.7,9.6,11.8,277.0,4,5
2020,Jeep,Wrangler Unlimited 4X4,SUV: Small,2.0,4.0,A8,X,11.5,10.9,11.2,263.0,4,5
2020,Jeep,Wrangler Unlimited 4X4 eTorque,SUV: Small,2.0,4.0,A8,X,11.3,10.5,10.9,257.0,4,5
2020,Jeep,Wrangler Unlimited 4X4 EcoDiesel,SUV: Small,3.0,6.0,A8,D,10.6,8.1,9.5,255.0,4,1
2020,Jeep,Wrangler Unlimited 4X4,SUV: Small,3.6,6.0,A8,X,12.9,10.7,11.9,280.0,4,5
2020,Jeep,Wrangler Unlimited 4X4 eTorque,SUV: Small,3.6,6.0,A8,X,12.6,10.7,11.8,276.0,4,5
2020,Jeep,Wrangler Unlimited 4X4,SUV: Small,3.6,6.0,M6,X,13.8,10.1,12.2,285.0,3,5
2020,Kia,Forte,Mid-size,1.6,4.0,AM7,X,8.7,6.6,7.8,184.0,7,5
2020,Kia,Forte,Mid-size,2.0,4.0,AV,X,7.9,5.9,7.0,165.0,7,5
2020,Kia,Forte,Mid-size,2.0,4.0,M6,X,8.6,6.4,7.6,180.0,7,5
2020,Kia,Forte 5,Full-size,1.6,4.0,AM7,X,8.9,6.9,8.0,190.0,6,5
2020,Kia,Forte 5,Full-size,2.0,4.0,AV,X,8.0,6.0,7.1,169.0,7,5
2020,Kia,Niro,Station wagon: Small,1.6,4.0,AM6,X,4.6,5.1,4.8,114.0,10,7
2020,Kia,Niro FE,Station wagon: Small,1.6,4.0,AM6,X,4.5,4.8,4.7,110.0,10,7
2020,Kia,Niro Touring,Station wagon: Small,1.6,4.0,AM6,X,5.1,5.8,5.4,129.0,9,7
2020,Kia,Optima,Full-size,2.4,4.0,AS6,X,9.5,7.1,8.4,199.0,6,5
2020,Kia,Optima Hybrid,Mid-size,2.0,4.0,AM6,X,5.9,5.2,5.6,132.0,9,7
2020,Kia,Rio,Compact,1.6,4.0,AV,X,7.2,5.9,6.6,151.0,8,3
2020,Kia,Rio,Compact,1.6,4.0,M6,X,7.8,6.0,7.0,167.0,7,3
2020,Kia,Sedona,Minivan,3.3,6.0,AS8,X,12.7,9.9,11.5,271.0,4,5
2020,Kia,Sorento AWD,SUV: Small,2.4,4.0,AS6,X,11.2,9.0,10.2,242.0,5,5
2020,Kia,Sorento AWD,SUV: Small,3.3,6.0,AS8,X,12.3,9.5,11.1,261.0,4,5
2020,Kia,Soul,Station wagon: Small,2.0,4.0,AV,X,8.6,7.1,7.9,188.0,6,7
2020,Kia,Soul,Station wagon: Small,2.0,4.0,M6,X,9.6,7.6,8.7,206.0,6,5
2020,Kia,Sportage,SUV: Small,2.4,4.0,AS6,X,10.1,7.6,9.0,214.0,5,5
2020,Kia,Sportage AWD,SUV: Small,2.0,4.0,AS6,X,12.1,9.6,11.0,261.0,4,5
2020,Kia,Sportage AWD,SUV: Small,2.4,4.0,AS6,X,10.8,9.1,10.0,239.0,5,5
2020,Kia,Stinger AWD,Mid-size,3.3,6.0,AS8,Z,13.6,9.6,11.8,279.0,4,3
2020,Kia,Telluride AWD,SUV: Small,3.8,6.0,AS8,X,12.5,9.6,11.2,264.0,4,5
2020,Lamborghini,Aventador Coupe,Two-seater,6.5,12.0,AM7,Z,26.2,15.5,21.4,485.0,1,1
2020,Lamborghini,Aventador Roadster,Two-seater,6.5,12.0,AM7,Z,26.6,15.8,21.7,493.0,1,1
2020,Lamborghini,Huracan Coupe,Two-seater,5.2,10.0,AM7,Z,18.0,12.9,15.7,370.0,2,1
2020,Lamborghini,Huracan Coupe AWD,Two-seater,5.2,10.0,AM7,Z,18.0,12.9,15.7,370.0,2,1
2020,Lamborghini,Huracan Spyder,Two-seater,5.2,10.0,AM7,Z,18.0,12.9,15.7,370.0,2,1
2020,Lamborghini,Huracan Spyder AWD,Two-seater,5.2,10.0,AM7,Z,18.0,12.9,15.7,370.0,2,1
2020,Lamborghini,Urus,SUV: Standard,4.0,8.0,AS8,Z,19.2,14.1,16.9,384.0,1,3
2020,Land Rover,Discovery,SUV: Standard,3.0,6.0,AS8,Z,14.8,11.4,13.3,311.0,3,7
2020,Land Rover,Discovery TD6 Diesel,SUV: Standard,3.0,6.0,AS8,D,11.3,9.2,10.4,279.0,4,1
2020,Land Rover,Discovery Sport P250,SUV: Small,2.0,4.0,AS9,Z,12.6,9.7,11.3,266.0,4,7
2020,Land Rover,Discovery Sport P290,SUV: Small,2.0,4.0,AS9,Z,12.3,9.8,11.1,262.0,4,7
2020,Land Rover,Range Rover 3.0,SUV: Standard,3.0,6.0,AS8,Z,12.2,9.4,11.0,258.0,4,7
2020,Land Rover,Range Rover TD6 Diesel,SUV: Standard,3.0,6.0,AS8,D,10.7,8.3,9.6,256.0,4,1
2020,Land Rover,Range Rover 5.0 Supercharged,SUV: Standard,5.0,8.0,AS8,Z,14.4,11.2,12.9,305.0,3,3
2020,Land Rover,Range Rover 5.0 Supercharged LWB,SUV: Standard,5.0,8.0,AS8,Z,14.4,11.3,13.0,305.0,3,3
2020,Land Rover,Range Rover SVAutobiography Dynamic,SUV: Standard,5.0,8.0,AS8,Z,17.1,12.6,15.1,354.0,2,3
2020,Land Rover,Range Rover SVAutobiography LWB,SUV: Standard,5.0,8.0,AS8,Z,17.9,12.7,15.5,365.0,2,3
2020,Land Rover,Range Rover Sport 3.0,SUV: Standard,3.0,6.0,AS8,Z,12.6,9.6,11.3,264.0,4,7
2020,Land Rover,Range Rover Sport TD6 Diesel,SUV: Standard,3.0,6.0,AS8,D,10.7,8.3,9.6,256.0,4,1
2020,Land Rover,Range Rover Sport Supercharged,SUV: Standard,5.0,8.0,AS8,Z,14.1,10.7,12.6,294.0,3,3
2020,Land Rover,Range Rover Sport SVR,SUV: Standard,5.0,8.0,AS8,Z,16.2,12.0,14.3,336.0,2,3
2020,Land Rover,Range Rover Evoque P250,SUV: Small,2.0,4.0,AS9,Z,11.8,8.7,10.4,245.0,5,7
2020,Land Rover,Range Rover Evoque P300,SUV: Small,2.0,4.0,AS9,Z,11.4,8.9,10.3,242.0,5,7
2020,Land Rover,Range Rover Velar P250,SUV: Small,2.0,4.0,AS8,Z,11.2,8.9,10.2,238.0,5,7
2020,Land Rover,Range Rover Velar P300,SUV: Small,2.0,4.0,AS8,Z,11.7,9.2,10.6,248.0,4,7
2020,Land Rover,Range Rover Velar P340,SUV: Small,3.0,6.0,AS8,Z,13.0,10.0,11.6,273.0,4,7
2020,Land Rover,Range Rover Velar P380,SUV: Small,3.0,6.0,AS8,Z,13.0,10.0,11.6,273.0,4,7
2020,Land Rover,Range Rover Velar SVAutobiography Dynamic,SUV: Small,5.0,8.0,AS8,Z,15.2,11.5,13.5,318.0,3,3
2020,Lexus,ES 300h,Mid-size,2.5,4.0,AS6,X,5.5,5.2,5.3,124.0,10,7
2020,Lexus,ES 350,Mid-size,3.5,6.0,AS8,X,10.7,7.2,9.1,213.0,5,5
2020,Lexus,ES 350 F SPORT,Mid-size,3.5,6.0,AS8,X,10.9,7.5,9.4,219.0,5,5
2020,Lexus,GS 350 AWD,Mid-size,3.5,6.0,AS6,Z,12.3,9.1,10.9,254.0,4,5
2020,Lexus,GS F,Compact,5.0,8.0,AS8,Z,14.9,9.7,12.5,293.0,3,5
2020,Lexus,GX 460,SUV: Standard,4.6,8.0,AS6,Z,16.2,12.3,14.5,337.0,2,3
2020,Lexus,IS 300,Compact,2.0,4.0,AS8,Z,11.0,7.6,9.5,220.0,5,5
2020,Lexus,IS 300 AWD,Compact,3.5,6.0,AS6,Z,12.3,9.1,10.9,254.0,4,5
2020,Lexus,IS 350 AWD,Compact,3.5,6.0,AS6,Z,12.3,9.1,10.9,254.0,4,5
2020,Lexus,LC 500,Subcompact,5.0,8.0,AS10,Z,15.1,9.5,12.6,294.0,3,5
2020,Lexus,LC 500h,Subcompact,3.5,6.0,AV10,Z,9.0,7.1,8.1,189.0,6,7
2020,Lexus,LS 500 AWD,Mid-size,3.4,6.0,AS10,Z,13.2,8.7,11.1,262.0,4,3
2020,Lexus,LS 500h AWD,Mid-size,3.5,6.0,AV10,Z,10.3,7.7,9.1,214.0,5,7
2020,Lexus,LX 570,SUV: Standard,5.7,8.0,AS8,Z,19.2,14.3,16.9,395.0,1,3
2020,Lexus,NX 300 AWD,SUV: Small,2.0,4.0,AS6,Z,10.7,8.5,9.7,226.0,5,3
2020,Lexus,NX 300 AWD F SPORT,SUV: Small,2.0,4.0,AS6,Z,10.8,8.9,9.9,232.0,5,3
2020,Lexus,NX 300h AWD,SUV: Small,2.5,4.0,AV6,X,7.2,7.9,7.5,176.0,7,7
2020,Lexus,RC 300 AWD,Subcompact,3.5,6.0,AS6,Z,13.1,9.8,11.2,262.0,4,5
2020,Lexus,RC 350 AWD,Subcompact,3.5,6.0,AS6,Z,13.1,9.8,11.2,262.0,4,5
2020,Lexus,RC F,Subcompact,5.0,8.0,AS8,Z,14.4,9.6,12.2,285.0,3,5
2020,Lexus,RX 350 AWD,SUV: Small,3.5,6.0,AS8,X,12.2,9.0,10.8,252.0,4,5
2020,Lexus,RX 350 L AWD,SUV: Small,3.5,6.0,AS8,X,13.1,9.4,11.1,268.0,4,5
2020,Lexus,RX 450h AWD,SUV: Standard,3.5,6.0,AV6,Z,7.5,8.4,7.9,185.0,7,7
2020,Lexus,RX 450h L AWD,SUV: Standard,3.5,6.0,AV6,Z,8.1,8.4,8.1,190.0,6,7
2020,Lexus,UX 200,Mid-size,2.0,4.0,AS10,X,8.0,6.3,7.2,168.0,7,6
2020,Lexus,UX 250h AWD,Compact,2.0,4.0,AV6,X,5.7,6.2,6.0,140.0,9,6
2020,Lincoln,Aviator,SUV: Standard,3.0,6.0,AS10,X,13.7,9.7,11.9,280.0,4,5
2020,Lincoln,Continental AWD,Full-size,2.7,6.0,AS6,X,14.0,9.5,12.0,281.0,4,5
2020,Lincoln,Continental AWD,Full-size,3.0,6.0,AS6,X,14.5,9.8,12.3,289.0,3,5
2020,Lincoln,Continental AWD,Full-size,3.7,6.0,AS6,X,14.3,9.7,12.2,287.0,3,3
2020,Lincoln,Corsair AWD,SUV: Small,2.0,4.0,AS8,X,11.1,8.1,9.8,229.0,5,5
2020,Lincoln,Corsair AWD,SUV: Small,2.3,4.0,AS8,X,11.1,8.2,9.8,230.0,5,5
2020,Lincoln,MKZ AWD,Mid-size,2.0,4.0,AS6,X,12.1,8.4,10.4,245.0,5,5
2020,Lincoln,MKZ Hybrid,Mid-size,2.0,4.0,AV,X,5.5,5.7,5.6,131.0,9,7
2020,Lincoln,Nautilus AWD,SUV: Small,2.0,4.0,AS8,X,12.0,9.6,10.7,250.0,4,5
2020,Lincoln,Nautilus AWD,SUV: Small,2.7,6.0,AS8,X,12.5,9.2,11.0,258.0,4,5
2020,Lincoln,Navigator 4X4,SUV: Standard,3.5,6.0,AS10,X,15.0,11.5,13.4,315.0,3,5
2020,Maserati,Ghibli,Mid-size,3.0,6.0,AS8,Z,14.1,9.8,12.2,286.0,3,1
2020,Maserati,Ghibli S,Mid-size,3.0,6.0,AS8,Z,14.1,9.8,12.2,286.0,3,1
2020,Maserati,Ghibli S Q4,Mid-size,3.0,6.0,AS8,Z,14.7,9.9,12.6,295.0,3,1
2020,Maserati,Levante,SUV: Standard,3.0,6.0,AS8,Z,15.9,11.1,13.7,324.0,3,1
2020,Maserati,Levante S,SUV: Standard,3.0,6.0,AS8,Z,15.9,11.1,13.7,324.0,3,1
2020,Maserati,Levante GTS,SUV: Standard,3.8,8.0,AS8,Z,17.3,12.9,15.3,360.0,2,1
2020,Maserati,Levante Trofeo,SUV: Standard,3.8,8.0,AS8,Z,17.3,12.9,15.3,360.0,2,1
2020,Maserati,Quattroporte S,Full-size,3.0,6.0,AS8,Z,14.1,9.8,12.2,286.0,3,1
2020,Maserati,Quattroporte S Q4,Full-size,3.0,6.0,AS8,Z,15.0,10.3,12.8,301.0,3,1
2020,Maserati,Quattroporte GTS,Full-size,3.8,8.0,AS8,Z,16.0,10.8,13.7,321.0,3,1
2020,Mazda,CX-3,Compact,2.0,4.0,AS6,X,8.3,6.9,7.7,179.0,7,3
2020,Mazda,CX-3 (SIL),Compact,2.0,4.0,M6,X,8.8,7.0,8.0,186.0,7,3
2020,Mazda,CX-3 4WD,Compact,2.0,4.0,AS6,X,8.6,7.4,8.1,189.0,6,3
2020,Mazda,CX-30,SUV: Small,2.0,4.0,AS6,X,8.9,7.1,8.1,189.0,6,7
2020,Mazda,CX-30,SUV: Small,2.5,4.0,AS6,X,9.3,7.1,8.3,194.0,6,7
2020,Mazda,CX-30 4WD,SUV: Small,2.0,4.0,AS6,X,9.4,7.7,8.6,202.0,6,7
2020,Mazda,CX-30 4WD,SUV: Small,2.5,4.0,AS6,X,9.9,7.7,8.9,208.0,6,7
2020,Mazda,CX-30 4WD (Cylinder Deactivation),SUV: Small,2.5,4.0,AS6,X,9.5,7.4,8.6,200.0,6,7
2020,Mazda,CX-5,SUV: Small,2.5,4.0,AS6,X,9.7,7.8,8.8,206.0,6,7
2020,Mazda,CX-5 (Cylinder Deactivation),SUV: Small,2.5,4.0,AS6,X,9.3,7.6,8.5,201.0,6,7
2020,Mazda,CX-5 4WD,SUV: Small,2.5,4.0,AS6,X,10.2,8.2,9.3,217.0,5,7
2020,Mazda,CX-5 4WD (Cylinder Deactivation),SUV: Small,2.5,4.0,AS6,X,9.8,7.9,9.0,208.0,6,7
2020,Mazda,CX-5 Turbo 4WD,SUV: Small,2.5,4.0,AS6,X,10.8,8.7,9.8,230.0,5,5
2020,Mazda,CX-9 4WD,SUV: Small,2.5,4.0,AS6,X,11.6,9.1,10.5,244.0,5,5
2020,Mazda,Mazda3 4-Door,Compact,2.0,4.0,AS6,X,8.4,6.6,7.6,178.0,7,7
2020,Mazda,Mazda3 4-Door (SIL),Compact,2.0,4.0,M6,X,8.7,6.4,7.7,180.0,7,7
2020,Mazda,Mazda3 4-Door,Compact,2.5,4.0,AS6,X,8.8,6.4,7.7,181.0,7,7
2020,Mazda,Mazda3 4-Door (Cylinder Deactivation),Compact,2.5,4.0,AS6,X,8.8,6.6,7.8,183.0,7,7
2020,Mazda,Mazda3 4-Door 4WD,Compact,2.5,4.0,AS6,X,9.2,7.0,8.2,192.0,6,7
2020,Mazda,Mazda3 5-Door,Mid-size,2.0,4.0,AS6,X,8.6,6.7,7.7,181.0,7,7
2020,Mazda,Mazda3 5-Door (SIL),Mid-size,2.0,4.0,M6,X,8.7,6.6,7.8,181.0,7,7
2020,Mazda,Mazda3 5-Door,Mid-size,2.5,4.0,AS6,X,9.0,6.8,8.0,187.0,7,7
2020,Mazda,Mazda3 5-Door (SIL),Mid-size,2.5,4.0,M6,X,9.2,6.6,8.1,189.0,6,7
2020,Mazda,Mazda3 5-Door 4WD,Mid-size,2.5,4.0,AS6,X,9.8,7.4,8.7,204.0,6,7
2020,Mazda,Mazda6,Mid-size,2.5,4.0,AS6,X,9.0,6.7,8.0,188.0,6,7
2020,Mazda,Mazda6 Turbo,Mid-size,2.5,4.0,AS6,X,10.0,7.5,8.9,208.0,6,3
2020,Mazda,MX-5,Two-seater,2.0,4.0,AS6,Z,9.0,6.6,7.9,186.0,7,3
2020,Mazda,MX-5 (SIL),Two-seater,2.0,4.0,M6,Z,9.0,7.0,8.1,189.0,6,3
2020,Mercedes-Benz,AMG C 43 4MATIC,Compact,3.0,6.0,A9,Z,12.4,8.7,10.7,253.0,4,5
2020,Mercedes-Benz,AMG C 43 4MATIC Cabriolet,Subcompact,3.0,6.0,A9,Z,12.7,9.2,11.2,263.0,4,5
2020,Mercedes-Benz,AMG C 43 4MATIC Coupe,Subcompact,3.0,6.0,A9,Z,12.9,8.8,11.1,255.0,4,5
2020,Mercedes-Benz,AMG C 43 4MATIC Wagon,Station wagon: Small,3.0,6.0,A9,Z,12.4,8.9,10.8,255.0,4,5
2020,Mercedes-Benz,AMG C 63,Compact,4.0,8.0,A9,Z,13.2,8.7,11.2,263.0,4,5
2020,Mercedes-Benz,AMG C 63 S,Compact,4.0,8.0,A9,Z,13.2,8.7,11.2,263.0,4,5
2020,Mercedes-Benz,AMG C 63 S Cabriolet,Subcompact,4.0,8.0,A9,Z,13.9,9.7,12.0,282.0,4,5
2020,Mercedes-Benz,AMG C 63 S Coupe,Subcompact,4.0,8.0,A9,Z,13.9,9.2,11.8,277.0,4,5
2020,Mercedes-Benz,AMG CLS 53 4MATIC+,Compact,3.0,6.0,A9,Z,12.4,8.7,10.7,235.0,5,5
2020,Mercedes-Benz,AMG E 53 4MATIC+,Mid-size,3.0,6.0,A9,Z,11.2,8.3,9.9,232.0,5,5
2020,Mercedes-Benz,AMG E 53 4MATIC+ Cabriolet,Subcompact,3.0,6.0,A9,Z,12.5,9.0,10.9,245.0,5,5
2020,Mercedes-Benz,AMG E 53 4MATIC+ Coupe,Subcompact,3.0,6.0,A9,Z,12.3,8.5,10.6,237.0,5,5
2020,Mercedes-Benz,AMG E 63 S 4MATIC+,Mid-size,4.0,8.0,A9,Z,16.0,10.5,13.5,318.0,3,5
2020,Mercedes-Benz,AMG E 63 S 4MATIC+ Wagon,Station wagon: Mid-size,4.0,8.0,A9,Z,14.6,10.4,12.7,299.0,3,5
2020,Mercedes-Benz,AMG G 63,SUV: Standard,4.0,8.0,A9,Z,18.1,15.6,17.0,396.0,1,3
2020,Mercedes-Benz,AMG GLC 63 S 4MATIC+,SUV: Small,4.0,8.0,A9,Z,15.0,10.9,13.2,309.0,3,5
2020,Mercedes-Benz,AMG GLC 63 S 4MATIC+ Coupe,SUV: Small,4.0,8.0,A9,Z,15.0,10.9,13.2,309.0,3,5
2020,Mercedes-Benz,AMG GT R Coupe,Two-seater,4.0,8.0,AM7,Z,15.9,11.8,14.0,327.0,3,5
2020,Mercedes-Benz,AMG S 63 4MATIC+,Full-size,4.0,8.0,A9,Z,14.1,8.9,11.8,275.0,4,5
2020,Mercedes-Benz,AMG S 63 4MATIC+ Cabriolet,Subcompact,4.0,8.0,A9,Z,15.8,9.8,13.1,306.0,3,5
2020,Mercedes-Benz,AMG S 63 4MATIC+ Coupe,Compact,4.0,8.0,A9,Z,14.0,8.7,11.6,271.0,4,5
2020,Mercedes-Benz,AMG S 65,Full-size,6.0,12.0,A7,Z,18.6,10.9,15.1,356.0,2,3
2020,Mercedes-Benz,C 300 4MATIC,Compact,2.0,4.0,A9,Z,11.0,7.3,9.4,219.0,5,5
2020,Mercedes-Benz,C 300 4MATIC Cabriolet,Subcompact,2.0,4.0,A9,Z,11.3,8.1,9.9,231.0,5,5
2020,Mercedes-Benz,C 300 4MATIC Coupe,Subcompact,2.0,4.0,A9,Z,10.9,7.7,9.5,221.0,5,5
2020,Mercedes-Benz,C 300 4MATIC Wagon,Station wagon: Small,2.0,4.0,A9,Z,10.9,7.7,9.5,221.0,5,5
2020,Mercedes-Benz,CLS 450 4MATIC,Compact,3.0,6.0,A9,Z,11.3,7.9,9.8,213.0,5,5
2020,Mercedes-Benz,E 450 4MATIC Cabriolet,Subcompact,3.0,6.0,A9,Z,12.7,10.1,11.6,271.0,4,5
2020,Mercedes-Benz,E 450 4MATIC Coupe,Subcompact,3.0,6.0,A9,Z,12.5,9.1,11.0,257.0,4,5
2020,Mercedes-Benz,G 550,SUV: Standard,4.0,8.0,A9,Z,18.0,14.1,16.3,378.0,2,5
2020,Mercedes-Benz,Maybach S 560 4MATIC,Full-size,4.0,8.0,A9,Z,14.4,9.5,12.2,286.0,3,5
2020,Mercedes-Benz,Maybach S 650,Full-size,6.0,12.0,A7,Z,18.4,11.1,15.1,355.0,2,3
2020,Mercedes-Benz,S 450 4MATIC SWB,Mid-size,3.0,6.0,A9,Z,12.8,8.5,10.8,253.0,4,3
2020,Mercedes-Benz,S 560 4MATIC,Full-size,4.0,8.0,A9,Z,13.5,8.6,11.3,265.0,4,5
2020,Mercedes-Benz,S 560 4MATIC SWB,Mid-size,4.0,8.0,A9,Z,13.5,8.6,11.3,265.0,4,5
2020,Mercedes-Benz,SL 550,Two-seater,4.7,8.0,A9,Z,13.5,9.3,11.6,270.0,4,1
2020,Mercedes-Benz,SLC 300,Two-seater,2.0,4.0,A9,Z,10.0,7.3,8.8,205.0,6,3
2020,MINI,Cooper 3 Door,Subcompact,1.5,3.0,AM7,Z,8.3,6.4,7.5,174.0,7,7
2020,MINI,Cooper 5 Door,Subcompact,1.5,3.0,AM7,Z,8.3,6.4,7.5,174.0,7,7
2020,MINI,Cooper Clubman ALL4,Mid-size,1.5,3.0,AS8,Z,9.7,7.0,8.5,197.0,6,7
2020,MINI,Cooper Convertible,Minicompact,1.5,3.0,AM7,Z,8.3,6.4,7.5,174.0,7,7
2020,MINI,Cooper Countryman ALL4,Mid-size,1.5,3.0,AS8,Z,9.8,7.1,8.6,200.0,6,7
2020,MINI,Cooper S 3 Door,Subcompact,2.0,4.0,AM7,Z,8.9,6.6,7.9,184.0,7,7
2020,MINI,Cooper S 5 Door,Subcompact,2.0,4.0,AM7,Z,8.9,6.6,7.9,184.0,7,7
2020,MINI,Cooper S Clubman ALL4,Mid-size,2.0,4.0,AS8,Z,10.2,7.4,8.9,207.0,6,7
2020,MINI,Cooper S Convertible,Minicompact,2.0,4.0,AM7,Z,9.2,6.9,8.1,191.0,6,7
2020,MINI,Cooper S Countryman ALL4,Mid-size,2.0,4.0,AS8,Z,10.4,7.5,9.1,212.0,5,7
2020,MINI,John Cooper Works 3 Door,Subcompact,2.0,4.0,AS8,Z,9.2,6.9,8.1,190.0,6,7
2020,MINI,John Cooper Works Clubman ALL4,Mid-size,2.0,4.0,AS8,Z,10.1,7.6,9.0,210.0,5,3
2020,MINI,John Cooper Works Convertible,Minicompact,2.0,4.0,AS8,Z,9.4,7.1,8.3,194.0,6,7
2020,MINI,John Cooper Works Countryman ALL4,Mid-size,2.0,4.0,AS8,Z,10.0,7.8,9.0,210.0,5,3
2020,Mitsubishi,Eclipse Cross 4WD,SUV: Small,1.5,4.0,AV8,X,9.6,8.9,9.3,216.0,5,5
2020,Mitsubishi,Mirage,Compact,1.2,3.0,AV,X,6.6,5.6,6.2,143.0,9,5
2020,Mitsubishi,Mirage,Compact,1.2,3.0,M5,X,7.1,5.8,6.5,151.0,8,5
2020,Mitsubishi,Outlander 4WD,SUV: Small,2.4,4.0,AV6,X,9.9,8.1,9.1,212.0,5,5
2020,Mitsubishi,Outlander 4WD,SUV: Small,3.0,6.0,A6,Z,12.0,8.8,10.6,246.0,4,5
2020,Mitsubishi,RVR,SUV: Small,2.0,4.0,AV6,X,9.7,7.8,8.8,206.0,6,5
2020,Mitsubishi,RVR 4WD,SUV: Small,2.0,4.0,AV6,X,10.1,8.2,9.2,213.0,5,5
2020,Mitsubishi,RVR 4WD,SUV: Small,2.4,4.0,AV6,X,10.3,8.3,9.4,218.0,5,5
2020,Nissan,370Z,Two-seater,3.7,6.0,AS7,Z,12.6,9.3,11.1,261.0,4,3
2020,Nissan,370Z,Two-seater,3.7,6.0,M6,Z,13.3,9.3,11.5,270.0,4,3
2020,Nissan,370Z Roadster,Two-seater,3.7,6.0,AS7,Z,13.0,9.7,11.5,271.0,4,3
2020,Nissan,370Z Roadster,Two-seater,3.7,6.0,M6,Z,13.6,9.7,11.8,279.0,4,3
2020,Nissan,Altima AWD,Mid-size,2.5,4.0,AV,X,9.1,6.5,7.9,186.0,7,7
2020,Nissan,Altima AWD SR/Platinum,Mid-size,2.5,4.0,AV,X,9.3,6.7,8.1,190.0,6,7
2020,Nissan,Armada 4WD,SUV: Standard,5.6,8.0,AS7,X,17.5,12.9,15.4,362.0,2,3
2020,Nissan,Frontier,Pickup truck: Standard,3.8,6.0,AS9,X,13.1,9.8,11.6,273.0,4,5
2020,Nissan,Frontier 4WD,Pickup truck: Standard,3.8,6.0,AS9,X,13.8,10.2,12.2,287.0,3,5
2020,Nissan,GT-R,Subcompact,3.8,6.0,AM6,Z,14.4,10.9,12.8,300.0,3,3
2020,Nissan,Kicks,Mid-size,1.6,4.0,AV,X,7.7,6.6,7.2,169.0,7,7
2020,Nissan,Maxima,Mid-size,3.5,6.0,AV7,Z,11.6,7.9,9.9,233.0,5,3
2020,Nissan,Murano,Station wagon: Mid-size,3.5,6.0,AV7,X,11.7,8.3,10.2,240.0,5,5
2020,Nissan,Murano AWD,Station wagon: Mid-size,3.5,6.0,AV7,X,11.7,8.5,10.3,242.0,5,5
2020,Nissan,NV200 Cargo Van,Special purpose vehicle,2.0,4.0,AV,X,9.8,8.8,9.3,218.0,5,3
2020,Nissan,Qashqai,Station wagon: Small,2.0,4.0,AV8,X,8.8,7.4,8.2,192.0,6,5
2020,Nissan,Qashqai,Station wagon: Small,2.0,4.0,M6,X,10.1,8.2,9.2,217.0,5,5
2020,Nissan,Qashqai AWD,Station wagon: Small,2.0,4.0,AV8,X,9.0,7.7,8.4,198.0,6,5
2020,Nissan,Pathfinder,SUV: Small,3.5,6.0,AV,X,11.6,8.5,10.2,240.0,5,5
2020,Nissan,Pathfinder 4WD,SUV: Small,3.5,6.0,AV,X,12.1,8.9,10.7,251.0,4,5
2020,Nissan,Pathfinder 4WD Platinum,SUV: Small,3.5,6.0,AV,X,12.4,9.2,11.0,257.0,4,3
2020,Nissan,Rogue,SUV: Small,2.5,4.0,AV,X,9.1,7.1,8.2,192.0,6,7
2020,Nissan,Rogue AWD,SUV: Small,2.5,4.0,AV,X,9.6,7.5,8.7,204.0,6,7
2020,Nissan,Sentra,Mid-size,2.0,4.0,AV,X,8.0,6.0,7.1,167.0,7,7
2020,Nissan,Sentra SR,Mid-size,2.0,4.0,AV,X,8.2,6.2,7.3,171.0,7,7
2020,Nissan,Sentra,Mid-size,2.0,4.0,M6,X,9.4,6.4,8.0,188.0,6,7
2020,Nissan,Titan 4WD,Pickup truck: Standard,5.6,8.0,AS9,Z,15.1,11.1,13.3,313.0,3,5
2020,Nissan,Titan 4WD Pro-4X,Pickup truck: Standard,5.6,8.0,AS9,Z,15.1,11.2,13.3,313.0,3,5
2020,Nissan,Versa,Compact,1.6,4.0,AV,X,7.4,5.9,6.7,158.0,8,7
2020,Nissan,Versa,Compact,1.6,4.0,M5,X,8.6,6.7,7.7,181.0,7,7
2020,Porsche,911 Carrera S,Minicompact,3.0,6.0,AM8,Z,13.1,9.7,11.5,271.0,4,5
2020,Porsche,911 Carrera S Cabriolet,Minicompact,3.0,6.0,AM8,Z,12.7,10.2,11.6,272.0,4,5
2020,Porsche,911 Carrera 4S,Minicompact,3.0,6.0,AM8,Z,13.1,10.2,11.8,277.0,4,5
2020,Porsche,911 Carrera 4S Cabriolet,Minicompact,3.0,6.0,AM8,Z,13.1,10.2,11.8,277.0,4,5
2020,Porsche,Cayenne,SUV: Standard,3.0,6.0,AS8,Z,12.5,10.3,11.5,269.0,4,5
2020,Porsche,Cayenne S,SUV: Standard,2.9,6.0,AS8,Z,13.1,10.5,11.9,278.0,4,5
2020,Porsche,Cayenne Turbo,SUV: Standard,4.0,8.0,AS8,Z,15.6,12.4,14.1,329.0,3,5
2020,Porsche,Macan,SUV: Small,2.0,4.0,AM7,Z,12.2,10.2,11.3,264.0,4,5
2020,Porsche,Macan S,SUV: Small,3.0,6.0,AM7,Z,12.9,10.2,11.7,272.0,4,5
2020,Porsche,Panamera,Full-size,3.0,6.0,AM8,Z,12.4,8.7,10.7,250.0,4,5
2020,Porsche,Panamera 4,Full-size,3.0,6.0,AM8,Z,12.4,9.0,10.9,253.0,4,5
2020,Porsche,Panamera 4 Executive,Full-size,3.0,6.0,AM8,Z,12.4,9.0,10.9,253.0,4,5
2020,Porsche,Panamera 4 ST,Full-size,3.0,6.0,AM8,Z,12.2,8.9,10.7,250.0,4,5
2020,Porsche,Panamera 4S,Full-size,2.9,6.0,AM8,Z,13.1,8.9,11.2,261.0,4,5
2020,Porsche,Panamera 4S Executive,Full-size,2.9,6.0,AM8,Z,13.1,8.9,11.2,261.0,4,5
2020,Porsche,Panamera 4S ST,Full-size,2.9,6.0,AM8,Z,13.1,9.8,11.6,273.0,4,5
2020,Porsche,Panamera GTS,Full-size,4.0,8.0,AM8,Z,14.5,10.2,12.6,295.0,3,3
2020,Porsche,Panamera GTS ST,Full-size,4.0,8.0,AM8,Z,15.7,10.5,13.4,313.0,3,3
2020,Porsche,Panamera Turbo,Full-size,4.0,8.0,AM8,Z,12.8,9.2,11.2,261.0,4,3
2020,Porsche,Panamera Turbo Executive,Full-size,4.0,8.0,AM8,Z,12.8,9.2,11.2,261.0,4,3
2020,Porsche,Panamera Turbo ST,Full-size,4.0,8.0,AM8,Z,13.4,10.1,11.9,279.0,4,3
2020,Ram,1500 EcoDiesel,Pickup truck: Standard,3.0,6.0,A8,D,10.5,7.3,9.0,243.0,5,1
2020,Ram,1500 eTorque,Pickup truck: Standard,3.6,6.0,A8,X,11.9,9.4,10.8,253.0,4,5
2020,Ram,1500 HFE eTorque,Pickup truck: Standard,3.6,6.0,A8,X,11.6,9.0,10.4,245.0,5,5
2020,Ram,1500,Pickup truck: Standard,5.7,8.0,A8,X,16.2,10.5,13.6,320.0,3,3
2020,Ram,1500 eTorque,Pickup truck: Standard,5.7,8.0,A8,X,14.1,10.3,12.4,290.0,3,3
2020,Ram,1500 4X4 EcoDiesel,Pickup truck: Standard,3.0,6.0,A8,D,11.1,8.0,9.7,260.0,4,1
2020,Ram,1500 4X4 eTorque,Pickup truck: Standard,3.6,6.0,A8,X,12.2,9.7,11.1,260.0,4,5
2020,Ram,1500 4X4,Pickup truck: Standard,5.7,8.0,A8,X,16.1,11.0,13.8,325.0,3,3
2020,Ram,1500 4X4 eTorque,Pickup truck: Standard,5.7,8.0,A8,X,14.2,10.9,12.8,299.0,3,3
2020,Ram,1500 Classic,Pickup truck: Standard,3.6,6.0,A8,X,13.9,9.6,11.9,280.0,4,3
2020,Ram,1500 Classic,Pickup truck: Standard,5.7,8.0,A8,X,15.7,11.0,13.6,319.0,3,3
2020,Ram,1500 Classic 4X4,Pickup truck: Standard,3.6,6.0,A8,X,14.5,10.2,12.6,294.0,3,3
2020,Ram,1500 Classic 4X4,Pickup truck: Standard,5.7,8.0,A8,X,16.2,11.6,14.1,330.0,3,3
2020,Ram,ProMaster City,Special purpose vehicle,2.4,4.0,A9,X,11.2,8.3,9.9,232.0,5,6
2020,Rolls-Royce,Cullinan,Station wagon: Mid-size,6.7,12.0,AS8,Z,20.1,12.1,16.5,386.0,1,3
2020,Rolls-Royce,Cullinan Black Badge,Station wagon: Mid-size,6.7,12.0,AS8,Z,20.1,12.1,16.5,386.0,1,3
2020,Rolls-Royce,Dawn,Compact,6.6,12.0,AS8,Z,20.4,13.1,17.1,400.0,1,3
2020,Rolls-Royce,Ghost,Full-size,6.6,12.0,AS8,Z,20.4,13.1,17.1,400.0,1,3
2020,Rolls-Royce,Ghost EWB,Full-size,6.6,12.0,AS8,Z,20.4,13.1,17.1,400.0,1,3
2020,Rolls-Royce,Phantom,Full-size,6.7,12.0,AS8,Z,20.0,11.8,16.3,382.0,1,3
2020,Rolls-Royce,Phantom EWB,Full-size,6.7,12.0,AS8,Z,20.0,11.8,16.3,382.0,1,3
2020,Rolls-Royce,Wraith,Mid-size,6.6,12.0,AS8,Z,19.6,12.8,16.5,387.0,1,3
2020,Subaru,Ascent AWD,SUV: Standard,2.4,4.0,AV8,X,11.6,9.0,10.4,244.0,5,3
2020,Subaru,BRZ,Minicompact,2.0,4.0,AS6,Z,9.7,7.2,8.6,200.0,6,1
2020,Subaru,BRZ,Minicompact,2.0,4.0,M6,Z,11.2,8.2,9.9,231.0,5,1
2020,Subaru,BRZ tS,Minicompact,2.0,4.0,M6,Z,11.6,8.6,10.2,239.0,5,1
2020,Subaru,Crosstrek AWD,SUV: Small,2.0,4.0,AV8,X,8.5,7.0,7.9,185.0,7,6
2020,Subaru,Crosstrek AWD,SUV: Small,2.0,4.0,M6,X,10.5,8.1,9.4,220.0,5,6
2020,Subaru,Forester AWD,SUV: Small,2.5,4.0,AV7,X,9.0,7.2,8.2,192.0,6,6
2020,Subaru,Impreza 4-Door AWD,Mid-size,2.0,4.0,AV7,X,8.3,6.4,7.5,174.0,7,6
2020,Subaru,Impreza 4-Door AWD,Mid-size,2.0,4.0,M5,X,10.1,7.6,9.0,210.0,5,6
2020,Subaru,Impreza 5-Door AWD,Station wagon: Small,2.0,4.0,AV7,X,8.4,6.6,7.6,178.0,7,6
2020,Subaru,Impreza 5-Door AWD,Station wagon: Small,2.0,4.0,M5,X,10.1,7.7,9.0,211.0,5,6
2020,Subaru,Legacy AWD,Full-size,2.4,4.0,AV8,X,9.9,7.3,8.7,205.0,6,3
2020,Subaru,Legacy AWD,Full-size,2.5,4.0,AV8,X,8.8,6.7,7.9,185.0,7,6
2020,Subaru,Outback AWD,SUV: Small,2.4,4.0,AV8,X,10.1,7.9,9.1,213.0,5,3
2020,Subaru,Outback AWD,SUV: Small,2.5,4.0,AV8,X,9.0,7.1,8.2,192.0,6,6
2020,Subaru,WRX AWD,Compact,2.0,4.0,AV8,Z,12.9,9.7,11.5,263.0,4,1
2020,Subaru,WRX AWD,Compact,2.0,4.0,M6,Z,11.3,8.5,10.1,236.0,5,1
2020,Subaru,WRX STI AWD,Compact,2.5,4.0,M6,Z,14.3,10.8,12.7,297.0,3,1
2020,Toyota,4Runner 4WD,SUV: Standard,4.0,6.0,AS5,X,14.8,12.5,13.8,321.0,3,5
2020,Toyota,4Runner 4WD (Part-Time 4WD),SUV: Standard,4.0,6.0,AS5,X,14.8,12.5,13.8,321.0,3,5
2020,Toyota,86,Minicompact,2.0,4.0,AS6,Z,9.9,7.3,8.7,204.0,6,1
2020,Toyota,86,Minicompact,2.0,4.0,M6,Z,11.2,8.3,9.9,232.0,5,1
2020,Toyota,Avalon,Mid-size,3.5,6.0,AS8,X,10.9,7.6,9.4,220.0,5,5
2020,Toyota,C-HR,Compact,2.0,4.0,AS7,X,8.7,7.5,8.2,189.0,6,3
2020,Toyota,Camry,Mid-size,2.5,4.0,AS8,X,8.1,5.7,6.9,164.0,8,7
2020,Toyota,Camry LE/SE,Mid-size,2.5,4.0,AS8,X,8.5,6.1,7.4,173.0,7,7
2020,Toyota,Camry XLE/XSE,Mid-size,2.5,4.0,AS8,X,8.6,6.3,7.6,177.0,7,7
2020,Toyota,Camry,Mid-size,3.5,6.0,AS8,X,10.5,7.1,9.0,210.0,5,5
2020,Toyota,Camry XSE,Mid-size,3.5,6.0,AS8,X,10.7,7.4,9.2,215.0,5,5
2020,Toyota,Camry TRD,Mid-size,3.5,6.0,AS8,X,10.8,7.6,9.4,220.0,5,5
2020,Toyota,Camry AWD LE/SE,Mid-size,2.5,4.0,AS8,X,9.3,6.8,8.2,190.0,6,6
2020,Toyota,Camry AWD XLE/XSE,Mid-size,2.5,4.0,AS8,X,9.5,7.0,8.4,197.0,6,6
2020,Toyota,Camry Hybrid LE,Mid-size,2.5,4.0,AV,X,4.9,4.8,4.9,113.0,10,7
2020,Toyota,Camry Hybrid XLE/SE,Mid-size,2.5,4.0,AV,X,5.3,5.0,5.1,121.0,10,7
2020,Toyota,Corolla,Compact,1.8,4.0,AV,X,7.9,6.1,7.1,165.0,7,5
2020,Toyota,Corolla XLE,Compact,1.8,4.0,AV,X,8.1,6.3,7.3,170.0,7,5
2020,Toyota,Corolla,Compact,1.8,4.0,M6,X,8.0,6.0,7.1,165.0,7,5
2020,Toyota,Corolla,Compact,2.0,4.0,AV10,X,7.6,5.8,6.7,158.0,8,6
2020,Toyota,Corolla XSE,Compact,2.0,4.0,AV10,X,7.7,6.1,7.0,164.0,8,6
2020,Toyota,Corolla,Compact,2.0,4.0,M6,X,8.2,6.5,7.4,173.0,7,6
2020,Toyota,Corolla Hatchback,Compact,2.0,4.0,AV10,X,7.5,5.8,6.7,158.0,8,6
2020,Toyota,Corolla Hatchback,Compact,2.0,4.0,M6,X,8.4,6.3,7.5,174.0,7,6
2020,Toyota,Corolla Hybrid,Compact,1.8,4.0,AV,X,4.4,4.5,4.5,106.0,10,7
2020,Toyota,GR Supra,Two-seater,3.0,6.0,AS8,Z,9.9,7.7,8.9,208.0,6,3
2020,Toyota,Highlander,SUV: Small,3.5,6.0,AS8,X,11.9,8.3,10.3,240.0,5,5
2020,Toyota,Highlander AWD,SUV: Small,3.5,6.0,AS8,X,11.7,8.6,10.3,240.0,5,5
2020,Toyota,Highlander Hybrid AWD,SUV: Standard,2.5,4.0,AV,X,6.7,6.8,6.7,158.0,8,7
2020,Toyota,Highlander Hybrid AWD Limited/Platinum,SUV: Standard,2.5,4.0,AV,X,6.6,6.8,6.7,156.0,8,7
2020,Toyota,Prius,Mid-size,1.8,4.0,AV,X,4.4,4.7,4.5,106.0,10,7
2020,Toyota,Prius AWD,Mid-size,1.8,4.0,AV,X,4.5,4.9,4.7,109.0,10,7
2020,Toyota,Prius c,Compact,1.5,4.0,AV,X,4.9,5.5,5.1,120.0,10,7
2020,Toyota,RAV4,SUV: Small,2.5,4.0,AS8,X,8.8,6.8,7.9,184.0,7,6
2020,Toyota,RAV4 AWD,SUV: Small,2.5,4.0,AS8,X,9.2,7.1,8.2,194.0,6,6
2020,Toyota,RAV4 AWD TRD Off-Road,SUV: Small,2.5,4.0,AS8,X,9.5,7.5,8.6,200.0,6,6
2020,Toyota,RAV4 Hybrid AWD,SUV: Small,2.5,4.0,AV,X,5.7,6.3,6.0,139.0,9,7
2020,Toyota,Sequoia 4WD,SUV: Standard,5.7,8.0,AS6,X,18.5,13.9,16.4,385.0,1,5
2020,Toyota,Sienna,Minivan,3.5,6.0,AS8,X,12.6,9.1,11.0,259.0,4,5
2020,Toyota,Sienna AWD,Minivan,3.5,6.0,AS8,X,13.4,9.6,11.7,274.0,4,5
2020,Toyota,Tacoma,Pickup truck: Small,2.7,4.0,AS6,X,12.1,10.1,11.2,263.0,4,5
2020,Toyota,Tacoma 4WD,Pickup truck: Small,2.7,4.0,AS6,X,12.7,10.6,11.7,274.0,4,5
2020,Toyota,Tacoma 4WD,Pickup truck: Small,3.5,6.0,AS6,X,13.0,10.5,11.9,278.0,4,5
2020,Toyota,Tacoma 4WD,Pickup truck: Small,3.5,6.0,M6,X,13.8,11.4,12.7,299.0,3,5
2020,Toyota,Tacoma 4WD D-Cab TRD Off-Road/Pro,Pickup truck: Small,3.5,6.0,M6,X,13.8,11.7,12.9,300.0,3,5
2020,Toyota,Tundra,Pickup truck: Standard,5.7,8.0,AS6,X,17.7,13.6,15.9,371.0,2,5
2020,Toyota,Tundra 4WD,Pickup truck: Standard,5.7,8.0,AS6,X,18.0,14.2,16.3,381.0,1,5
2020,Toyota,Yaris,Compact,1.5,4.0,AS6,X,7.3,5.9,6.6,155.0,8,3
2020,Toyota,Yaris (SIL),Compact,1.5,4.0,M6,X,7.8,6.1,6.9,165.0,8,3
2020,Volkswagen,Arteon 4MOTION,Full-size,2.0,4.0,AS8,Z,11.5,8.2,10.0,234.0,5,3
2020,Volkswagen,Atlas Cross Sport 4MOTION,SUV: Small,2.0,4.0,AS8,X,12.8,10.4,11.7,273.0,4,3
2020,Volkswagen,Atlas Cross Sport 4MOTION,SUV: Small,3.6,6.0,AS8,X,14.3,10.7,12.7,297.0,3,5
2020,Volkswagen,Golf,Compact,1.4,4.0,AS8,X,8.1,6.6,7.4,174.0,7,7
2020,Volkswagen,Golf,Compact,1.4,4.0,M6,X,8.4,6.6,7.6,177.0,7,7
2020,Volkswagen,Golf GTI,Compact,2.0,4.0,AM7,X,9.7,7.5,8.7,203.0,6,7
2020,Volkswagen,Golf GTI,Compact,2.0,4.0,M6,X,9.8,7.3,8.7,203.0,6,7
2020,Volkswagen,Jetta,Compact,1.4,4.0,AS8,X,7.8,5.9,7.0,162.0,8,5
2020,Volkswagen,Jetta,Compact,1.4,4.0,M6,X,7.9,5.9,7.0,163.0,8,7
2020,Volkswagen,Jetta GLI,Compact,2.0,4.0,AM7,X,9.3,7.2,8.4,196.0,6,7
2020,Volkswagen,Jetta GLI,Compact,2.0,4.0,M6,X,9.6,7.1,8.5,198.0,6,7
2020,Volkswagen,Passat,Mid-size,2.0,4.0,AS6,X,10.2,6.9,8.7,205.0,6,7
2020,Volkswagen,Tiguan,SUV: Small,2.0,4.0,AS8,X,10.5,8.1,9.4,221.0,5,7
2020,Volkswagen,Tiguan 4MOTION,SUV: Small,2.0,4.0,AS8,X,11.5,8.7,10.2,241.0,5,7
2020,Volvo,S60 T5,Compact,2.0,4.0,AS8,Z,10.5,7.1,8.9,208.0,6,5
2020,Volvo,S60 T6 AWD,Compact,2.0,4.0,AS8,Z,11.0,7.4,9.4,219.0,5,7
2020,Volvo,S90 T6 AWD,Mid-size,2.0,4.0,AS8,Z,11.3,7.5,9.6,223.0,5,7
2020,Volvo,V60 T5,Station wagon: Small,2.0,4.0,AS8,Z,10.5,7.1,8.9,208.0,6,5
2020,Volvo,V60 T6 AWD,Station wagon: Small,2.0,4.0,AS8,Z,11.0,7.4,9.4,219.0,5,7
2020,Volvo,V60 CC T5 AWD,Station wagon: Small,2.0,4.0,AS8,Z,10.8,7.7,9.4,220.0,5,5
2020,Volvo,XC40 T4 AWD,SUV: Small,2.0,4.0,AS8,X,10.2,7.5,9.0,210.0,5,5
2020,Volvo,XC40 T5 AWD,SUV: Small,2.0,4.0,AS8,Z,10.7,7.7,9.4,219.0,5,5
2020,Volvo,XC60 T5 AWD,SUV: Small,2.0,4.0,AS8,Z,11.2,8.3,9.9,232.0,5,5
2020,Volvo,XC60 T6 AWD,SUV: Small,2.0,4.0,AS8,Z,11.7,8.6,10.3,240.0,5,7
2020,Volvo,XC90 T5 AWD,SUV: Standard,2.0,4.0,AS8,Z,11.2,8.3,9.9,232.0,5,5
2020,Volvo,XC90 T6 AWD,SUV: Standard,2.0,4.0,AS8,Z,12.2,8.7,10.7,248.0,4,7
